gx,gy,gz,time,ang
-356,46,-309,710715291,0.005789655336646132
-416,50,-325,710720456,0.03670190460252741
-595,19,-361,710735090,0.15675944314377163
-600,21,-366,710735624,0.16122311953710755
-603,24,-366,710736177,0.1658619750976246
-596,26,-366,710736712,0.17030834273087683
-675,1,-326,710750072,0.2884072474076519
-673,-7,-315,710750607,0.29309491609865546
-667,1,-312,710751169,0.2979581950487711
-663,3,-313,710751704,0.3025675668085826
-602,25,-295,710765627,0.40981385646117857
-591,26,-292,710766177,0.4139646492086022
-581,16,-290,710766712,0.41793610831226735
-575,7,-290,710767271,0.4220530075766408
-545,14,-271,710775202,0.47613237181084167
-540,14,-266,710775737,0.4797235690813853
-532,14,-264,710776295,0.48340543753531956
-517,13,-260,710776830,0.48682049094891844
-528,-7,-237,710782908,0.5252940149003815
-530,-2,-227,710783445,0.5286530010654108
-503,-5,-170,710792606,0.5782461473643709
-498,-2,-167,710793191,0.5813639183002515
-496,12,-156,710794324,0.5872352801195347
-439,22,-86,710802640,0.6192344899506257
-437,18,-85,710803194,0.621358077488178
-425,33,-68,710804289,0.6252016608933024
-298,75,-20,710811459,0.6356183490633734
-292,77,-11,710811994,0.6363139563520848
-277,70,1,710813117,0.637462096151929
-127,96,54,710820148,0.628009722025572
-120,96,56,710820683,0.6272349888245017
-116,93,57,710821244,0.6263926966252417
-109,94,59,710821779,0.6255327241477534
-14,105,95,710827924,0.6063662458402898
-2,111,91,710828460,0.6046287012308648
57,111,120,710834136,0.5806484526544977
73,109,123,710835755,0.5734559383485839
102,119,147,710843651,0.5337917716659132
98,126,156,710844201,0.5310082437454019
103,130,165,710844736,0.5282215707844636
105,135,171,710845362,0.524907352589888
84,106,202,710850901,0.4956971248723808
82,99,200,710851458,0.4927892642049658
-21,101,222,710860644,0.454693311592965
-28,103,226,710861266,0.4521559776213607
-37,110,225,710862361,0.44781521305164856
-60,110,258,710870655,0.41537353850362596
-61,108,259,710871208,0.41324494651901933
-78,103,271,710872303,0.409186271099374
-63,107,287,710879205,0.3818935470453374
-73,105,288,710879740,0.37989039001137753
-73,104,280,710880833,0.3758840130653554
-18,120,279,710899630,0.29719846016278645
-18,126,276,710900178,0.2950668082709952
-23,128,271,710900713,0.2930469780785313
-29,131,263,710901272,0.29101587021292663
-43,109,208,710915621,0.2483268915369951
-45,108,206,710916177,0.24681190137754797
-47,110,201,710916712,0.2453859215678811
-51,111,196,710917263,0.2439663153102501
-83,119,165,710924219,0.23055488309106703
-84,124,161,710924754,0.22958881351474517
-89,124,157,710925312,0.2286346227584671
-93,116,136,710930454,0.22058164583121465
-153,110,63,710945079,0.21291343496249157
-149,106,61,710945614,0.21262628407008796
-148,98,67,710946177,0.21231550133012478
-147,96,67,710946712,0.2120129205955381
-205,99,3,710960112,0.21563138207140978
-213,102,-1,710960647,0.21584494946618196
-222,98,1,710961204,0.2161410854965473
-231,94,-2,710961739,0.21649359545743896
-300,48,-92,710975617,0.23878915034899154
-313,45,-93,710976175,0.23982943260692524
-324,41,-97,710976710,0.24091706372099872
-331,39,-99,710977260,0.2420956681734812
-411,51,-112,710984215,0.2658625327701268
-415,40,-104,710984750,0.26773126040932876
-417,37,-103,710985308,0.26969743368605925
-429,24,-123,710990509,0.28918602240425106
-432,30,-127,711005650,0.34808060146026004
-430,32,-120,711006195,0.35020267541337635
-374,24,-128,711014104,0.3746962357103941
-331,22,-140,711021158,0.3926196760866405
-314,24,-142,711021693,0.3938623588706849
-313,21,-154,711022786,0.39643902286191635
-324,15,-146,711030609,0.4162279707306772
-317,18,-146,711031167,0.4175984059456809
-312,13,-147,711031702,0.41887863220643323
-309,10,-147,711032261,0.42019483697357396
-273,3,-130,711037914,0.4302708855295355
-272,5,-127,711038450,0.43122235846724916
-246,2,-84,711047631,0.44249773188129676
-245,2,-83,711048243,0.4432490312935944
-242,7,-81,711049375,0.4445762918153468
-183,41,-25,711057643,0.44475118181535195
-171,44,-25,711058197,0.4446664492591822
-169,38,-18,711059284,0.4444405763652842
-130,72,3,711066462,0.43788719431316403
-126,72,4,711066997,0.4373654647694098
-106,75,22,711068108,0.43586005066830913
-10,73,49,711075622,0.41431159626608566
-6,74,57,711076172,0.4126805110944458
-2,70,62,711076706,0.4110557228513369
6,68,63,711077265,0.40928918972923783
0,68,70,711082926,0.3916973358362403
2,60,70,711083462,0.39002233483500864
-29,59,71,711090068,0.3723183858168006
-26,61,70,711090602,0.37086637391713284
-32,58,70,711091698,0.3679863693744424
-83,60,85,711099589,0.3525305398259459
-94,67,83,711100167,0.3514945164052865
-101,69,84,711100746,0.35051177331172256
-208,57,105,711109635,0.3488789446627016
-218,50,110,711110196,0.348875648787893
-218,33,109,711111284,0.3489126500283076
-276,32,140,711119378,0.35578656207617104
-281,30,145,711119913,0.3563147385905597
-283,28,156,711120450,0.3568516323755213
-247,27,184,711125455,0.35914031948425273
-102,89,226,711140085,0.33532680754398353
-95,88,231,711140620,0.3345416476266688
-87,86,235,711141174,0.33367576253561887
-86,96,240,711141709,0.3328339387304022
-25,108,254,711155068,0.3041173477950625
-20,110,252,711155603,0.30313932467157745
-16,110,253,711156165,0.30209994436100585
-16,109,256,711156700,0.3011357379199477
35,112,218,711170623,0.2700000084696277
32,110,217,711171173,0.2690690972211195
25,108,218,711171707,0.2682434490141895
16,106,220,711172267,0.26747853829093365
-23,104,194,711179222,0.2620061550864367
-28,106,199,711179757,0.2617582359277431
-29,105,201,711180307,0.2615382633798088
-74,97,192,711185450,0.262793071576237
-212,51,153,711200621,0.2900934520989503
-221,55,152,711201171,0.29117089677193975
-225,57,153,711201706,0.29224948921405863
-233,50,155,711202265,0.2934440337523263
-302,55,140,711209220,0.31258963685410973
-308,52,137,711209755,0.3140840049308802
-311,52,133,711210305,0.31561561286331996
-341,69,103,711215452,0.32996185028673725
-381,16,-11,711230622,0.36328765031868465
-376,17,-12,711231178,0.3645208456962117
-379,14,-15,711231713,0.3657169948799825
-378,13,-15,711232263,0.36694405999788077
-403,13,-25,711239218,0.3842672555118916
-405,13,-30,711239753,0.38561630143868925
-405,16,-36,711240304,0.3869783594800172
-352,0,-45,711245512,0.396312125750249
-265,45,-67,711259863,0.4034072859527746
-263,42,-74,711260427,0.40366611309603645
-259,49,-76,711261524,0.4040857641911886
-193,70,-80,711269622,0.3997208868525631
-191,81,-79,711270171,0.3994090171619265
-195,88,-81,711270706,0.3991192190002824
-195,92,-83,711271265,0.39880490073573155
-144,84,-106,711277460,0.3902402838476321
-127,77,-150,711285229,0.37567121650891117
-123,76,-147,711285764,0.3746646426581504
-123,77,-148,711286323,0.37361004180539664
-125,76,-151,711286858,0.37260771569189033
-148,73,-181,711292445,0.3630428136367739
-224,50,-206,711300223,0.3581661348066684
-237,50,-205,711300758,0.35799114612159305
-242,52,-203,711301308,0.3578619414004801
-248,55,-205,711301843,0.357781499585112
-311,55,-209,711307460,0.36247934731601594
-372,35,-196,711315205,0.37833968223990055
-380,30,-192,711315740,0.37958267669507917
-377,28,-191,711316299,0.38086985996975553
-373,35,-190,711316834,0.38207201096090637
-409,34,-186,711322915,0.399634967220541
-411,37,-191,711323451,0.4012377386784064
-418,31,-182,711329125,0.4193975557353544
-438,40,-171,711330755,0.425227005716956
-450,31,-170,711338643,0.45570026917303796
-451,24,-171,711339192,0.457875646419487
-455,21,-167,711339726,0.46003252337895734
-455,21,-163,711340352,0.46256693647531766
-402,54,-154,711345925,0.480479786751472
-396,54,-157,711346461,0.4821725199965113
-287,54,-113,711357285,0.4987927033815335
-217,75,-62,711365621,0.5023906323178313
-211,70,-56,711366178,0.5025870899076573
-192,59,-58,711367272,0.5026878649008659
-141,93,-8,711375138,0.4964222002440228
-135,89,-8,711375672,0.49595324577243677
-123,88,-8,711376232,0.495361179929569
-118,85,-11,711376767,0.49476007127867294
-96,87,12,711382911,0.4856498265724671
-101,92,14,711383447,0.4848892135338319
-18,115,44,711392634,0.4596838369321122
-20,115,47,711393252,0.4580086871637187
-16,116,54,711394379,0.4548786799727541
-1,101,78,711402639,0.4302501121779917
-2,107,78,711403195,0.42860215596350626
0,112,86,711404281,0.4253403072698465
9,121,75,711411463,0.40281265203618344
-7,123,73,711411998,0.40127072483757736
-8,114,68,711413108,0.3981087968078929
-9,115,80,711420621,0.3769613713793834
-11,105,81,711421171,0.3754500550294496
-15,110,82,711421706,0.3740101439944035
-20,114,79,711422265,0.3725455660848908
-74,89,47,711427926,0.36252123273584913
-77,82,41,711428462,0.361603195162293
-95,94,45,711434128,0.3533983615441382
-101,108,33,711435757,0.35115003135808837
-89,77,27,711443622,0.3391962318130974
-85,82,24,711444180,0.3383108547252178
-83,95,14,711444715,0.3374301352103397
-82,97,10,711445276,0.3364941207530384
-73,80,23,711450903,0.32657137346234605
-71,84,15,711451440,0.32560105755516117
-114,58,18,711460619,0.31538877030369605
-102,62,8,711461225,0.3145941077447021
-122,59,2,711462339,0.31346495680731196
-214,44,2,711470656,0.3167972840214212
-215,43,1,711471211,0.3170288552946678
-218,48,0,711472306,0.31752499759748976
-265,42,-9,711478537,0.3247485068140129
-306,60,-16,711486174,0.33803190874148353
-314,58,-12,711486708,0.3390308804118797
-313,39,-14,711487801,0.3410910980155024
-267,22,-32,711495132,0.34988869829729863
-263,19,-33,711495667,0.3505042778559254
-260,25,-24,711496227,0.3511234512724994
-260,36,-23,711496762,0.3517047879180156
-223,37,-35,711502455,0.35463839391570307
-177,39,-57,711510232,0.3531303361771493
-168,43,-56,711510767,0.3529550196154321
-163,47,-56,711511328,0.35272465918548573
-160,49,-56,711511862,0.35247948985190314
-138,36,-84,711517450,0.34818255542017645
-130,27,-104,711525195,0.3417415317137478
-133,24,-99,711525730,0.3413432039844447
-135,27,-98,711526290,0.3409411173475455
-137,27,-98,711526825,0.34057533813924945
-203,3,-91,711532904,0.3429820292681961
-205,-4,-95,711533441,0.3432362984595152
-240,29,-111,711542610,0.3519407389265258
-232,28,-108,711543189,0.3524423818657325
-221,25,-112,711544339,0.35327418732694255
-255,-1,-106,711552631,0.3643703548400112
-252,4,-105,711553189,0.36510003563594834
-257,19,-102,711554283,0.36655539145789623
-266,13,-96,711561457,0.3772607155036501
-265,6,-95,711561992,0.3780728565193155
-252,2,-102,711563110,0.37959577331052524
-235,6,-88,711570613,0.387750441865921
-239,6,-83,711571170,0.38839105380817074
-233,9,-78,711571705,0.38894747908408295
-231,16,-79,711572258,0.38949437531614156
-236,7,-74,711577917,0.3956764232119411
-238,11,-71,711578454,0.39627062760066156
-232,20,-57,711584129,0.4016524549941318
-215,13,-54,711585749,0.4028343638591555
-170,26,-49,711593646,0.40303332585811397
-160,31,-46,711594195,0.4029570813064444
-159,36,-41,711594729,0.4028554589545799
-165,41,-35,711595355,0.4027642827029972
-140,45,-30,711600897,0.39981830810374686
-136,45,-36,711601454,0.3995047683710693
-112,54,-44,711610650,0.3912009452794486
-107,49,-34,711611276,0.3905905254643516
-105,49,-23,711612354,0.38946599333257764
-82,59,-30,711620646,0.3780764093398761
-87,63,-32,711621204,0.377349190933375
-93,67,-30,711622298,0.37598653440938967
-51,63,-1,711630614,0.3600402940616015
-56,68,0,711631168,0.35900537139899696
-64,65,3,711631703,0.3580665712282307
-68,59,6,711632262,0.35712690102825895
-70,78,20,711637914,0.3469022433510568
-67,80,26,711638451,0.34589042966326866
-83,89,38,711644125,0.3358794255177052
-73,95,46,711645745,0.33269428130402556
-79,94,36,711653643,0.3182029120776284
-87,104,40,711654192,0.31721659419888865
-91,114,38,711654727,0.31625997582733595
-90,124,35,711655354,0.3151042139100344
-74,109,13,711660893,0.3046626637889524
-62,107,7,711661450,0.3035429107349402
-85,101,-43,711670651,0.29038180845839556
-85,101,-47,711671277,0.28951091163447773
-116,84,-114,711681668,0.2844686516775987
-168,79,-145,711688996,0.28835527427405
-166,77,-147,711689559,0.28868761903416773
-161,79,-151,711690114,0.2889942080745815
-158,82,-157,711690648,0.28928739247869284
-186,85,-197,711698583,0.29930419615033704
-181,79,-196,711699138,0.3000393181313866
-210,86,-225,711708633,0.3189854956593786
-236,63,-223,711710279,0.32311339459391025
-301,63,-238,711718647,0.35198445039437476
-306,64,-234,711719194,0.3539042286623294
-307,58,-230,711719729,0.35578272441661524
-311,57,-223,711720288,0.35773695813202916
-374,44,-214,711727940,0.3896494258197531
-373,40,-204,711728504,0.39195331295849406
-430,35,-230,711737637,0.43757246703600133
-432,34,-228,711738249,0.44063664901814004
-440,43,-223,711739381,0.44631316108744556
-421,71,-218,711747639,0.48486875818286607
-422,68,-220,711748195,0.4874935635525551
-408,61,-231,711749279,0.49258827505252456
-366,58,-237,711756463,0.5235823236664426
-362,57,-245,711756998,0.525916970027285
-354,42,-253,711758106,0.5307974843921666
-262,59,-282,711765619,0.558471738025261
-257,64,-282,711766168,0.5604792439261943
-252,67,-277,711766703,0.5623771561118517
-192,47,-284,711772442,0.5801166594537059
-170,40,-278,711780053,0.6023638069281579
-178,40,-285,711780588,0.6040453784533957
-184,39,-294,711781139,0.6058718979688035
-187,33,-303,711781674,0.6077291329500408
-188,26,-301,711787907,0.6297030320725474
-196,26,-297,711788443,0.6316321000419484
-308,2,-253,711797132,0.6681949533334522
-315,-3,-249,711797679,0.6705172560854769
-334,-3,-239,711798845,0.6755338524668296
-392,-20,-205,711806662,0.7105835691662077
-402,-11,-198,711807228,0.7131140464045802
-402,-2,-182,711808324,0.7177796071464506
-387,17,-100,711816595,0.7434996097326235
-379,12,-107,711817148,0.7452371649837345
-375,16,-108,711818235,0.7486129014161468
-272,29,-46,711825616,0.7587547441601493
-266,31,-45,711826166,0.759470467978791
-265,28,-43,711826701,0.7601542028214686
-196,45,-9,711833458,0.7613447804777944
-34,74,20,711847072,0.7372571506314284
-32,81,19,711847607,0.7363093380052763
-23,82,19,711848168,0.7352686537897638
-5,77,18,711848703,0.7342041437086422
23,67,8,711854924,0.721341085759272
25,65,-3,711855461,0.7203117538546844
34,72,-1,711864640,0.702040411508844
42,72,-1,711865212,0.7008945199254158
42,72,-5,711865769,0.6998100887416215
33,72,-10,711866329,0.6988003122411978
10,49,-7,711871921,0.6901752670874298
6,52,-3,711872484,0.6893087608553417
-49,83,-9,711881641,0.6792259506057324
-48,83,-10,711882196,0.6786316440626554
-43,83,-10,711883282,0.6774321594615693
-58,84,-12,711891638,0.6695390742235454
-64,83,-15,711892197,0.669071391655493
-67,77,-21,711892732,0.6686892656289999
-92,85,-30,711899455,0.6658051053414015
-104,60,-76,711908593,0.6692125603239892
-111,50,-80,711909151,0.6695065504022322
-118,50,-79,711909686,0.6698076844109297
-125,55,-81,711910267,0.6701689750369018
-164,52,-100,711915895,0.676651761656588
-169,50,-106,711916453,0.6773639860665227
-223,61,-191,711925633,0.702503968053875
-231,60,-196,711926244,0.7042556354367546
-230,57,-199,711926844,0.7060022872389373
-239,50,-278,711935648,0.7417941565128346
-244,51,-282,711936203,0.7441017383045861
-274,44,-295,711937297,0.7490737337167536
-304,13,-346,711944155,0.786950011741256
-305,18,-350,711944690,0.7899302138574382
-310,21,-352,711945250,0.7930773067049256
-311,29,-433,711954141,0.8527789460927271
-349,32,-631,711973056,1.036262951118361
-348,30,-635,711973591,1.0415004387713962
-347,24,-642,711974154,1.0470733476078402
-352,22,-645,711974689,1.0524100531740122
-405,1,-771,711988611,1.2208988835723087
-412,-3,-774,711989167,1.2276852007741004
-420,-5,-776,711989702,1.2342562696711297
-422,0,-779,711990254,1.241059370804125
-462,-23,-885,712005007,1.4490070174065468
-469,-24,-888,712005570,1.4569922541239966
-476,-19,-887,712006121,1.4648138921655616
-489,-8,-883,712006656,1.4724018881496246
-556,12,-914,712012911,1.5658161372364372
-558,15,-918,712013448,1.5738706406126708
-530,-14,-946,712022639,1.7145978684703223
-526,-6,-951,712023252,1.7240056326264304
-514,-10,-951,712024382,1.741286031275444
-572,-39,-972,712032639,1.8730312289097242
-573,-39,-973,712033187,1.8817859644157973
-568,-28,-979,712034282,1.8993199172897648
-565,-25,-993,712041464,2.015599826202554
-557,-24,-995,712041999,2.0242536474813027
-550,-16,-991,712043108,2.0420710875629413
-509,-27,-1008,712050621,2.16313029940111
-512,-29,-1015,712051171,2.1720590591024695
-505,-37,-1019,712051706,2.180763264329578
-490,-38,-1025,712052264,2.1898464654791394
-488,-20,-1026,712057894,2.2813345789345596
-488,-17,-1023,712058449,2.2903278813218266
-473,-11,-1017,712065777,2.4078174986836016
-436,13,-1003,712073130,2.522579607270435
-431,16,-998,712073665,2.530878037336768
-424,13,-996,712074224,2.5395163086448127
-421,11,-999,712074759,2.5478008401842462
-359,-4,-977,712080903,2.6392919713083622
-354,1,-977,712081439,2.647260087125732
-333,10,-961,712090624,2.7807226661588316
-322,0,-963,712091252,2.78985164969552
-320,1,-953,712092362,2.8058177878912884
-292,9,-926,712100654,2.9207596119026205
-291,10,-923,712101211,2.9284606382655927
-275,29,-914,712102296,2.943207903547049
-295,70,-897,712108537,3.0267370635414723
-252,54,-861,712117159,3.136366494527056
-254,56,-856,712117694,3.143141458236655
-251,55,-851,712118251,3.1501489263938898
-247,47,-843,712118785,3.15680299837869
-225,58,-825,712124909,3.2308774089220558
-223,52,-821,712125446,3.2373478519649384
-232,49,-793,712133280,3.32898320248417
-236,51,-791,712133815,3.335238959171884
-235,51,-790,712134352,3.3415086804380336
-237,54,-790,712134886,3.347746261004029
-213,67,-772,712139894,3.404361438809275
-217,64,-768,712140449,3.410619350918296
-224,48,-748,712148251,3.4967907477747384
-229,53,-732,712148786,3.5025862414786406
-231,56,-724,712149346,3.5085897451230954
-230,64,-731,712149881,3.514372386969173
-220,74,-748,712155446,3.5756402394159252
-229,79,-775,712164627,3.6807707393003133
-233,83,-773,712165208,3.687418641579151
-234,87,-775,712165771,3.6938770011679924
-228,86,-778,712166321,3.7001988855926573
-230,66,-790,712170900,3.753818743184221
-235,63,-794,712171437,3.760153693655007
-236,89,-851,712180627,3.8760997971007853
-236,89,-850,712181247,3.8839196290026363
-238,91,-850,712182356,3.89791468902008
-152,110,-914,712190651,4.0077126243026715
-153,111,-913,712191207,4.015076692124423
-162,128,-925,712192301,4.0297785630598995
-106,163,-1007,712200143,4.143007404335365
-97,167,-1009,712200678,4.150744986167631
-87,175,-1012,712201228,4.158702351948749
-78,181,-1011,712201763,4.166416941908108
-27,176,-1069,712207917,4.259609584497654
-28,169,-1076,712208454,4.267821519170879
-22,150,-1158,712216265,4.397123185929667
-20,144,-1167,712216800,4.406073395729425
-22,143,-1174,712217358,4.415473644058473
-32,151,-1182,712217972,4.4259087493520655
-29,176,-1252,712223909,4.533019463486325
-22,178,-1266,712224445,4.542807259827659
-33,219,-1385,712233610,4.726957551808403
-33,223,-1392,712234183,4.738559680495582
-45,215,-1399,712235277,4.760878254408554
-14,214,-1535,712243636,4.948201665468389
-20,215,-1546,712244192,4.960789869132677
-33,199,-1556,712245278,4.985597391475214
-297,149,-1828,712263601,5.492657008132718
-306,150,-1835,712264159,5.50818261267216
-318,154,-1842,712264693,5.523111860270587
-328,160,-1853,712265253,5.538873359462928
-428,179,-2015,712273656,5.797901739283201
-432,180,-2027,712274213,5.815181064891926
-440,180,-2041,712274748,5.831901416460273
-448,183,-2051,712275300,5.849246539409473
-513,113,-2192,712283569,6.1281852196865625
-518,105,-2204,712284125,6.147050637317411
-719,49,-2355,712293588,6.494439402731444
-742,33,-2373,712295229,6.555235223412586
-797,85,-2464,712304769,6.922939164727557
-812,130,-3106,712348592,9.037623646739616
-821,133,-3111,712349150,9.064611714401387
-829,130,-3121,712349685,9.090579536670196
-835,133,-3136,712350245,9.117895804203883
-822,135,-3214,712357942,9.502121862395406
-825,150,-3223,712358506,9.530356411241238
-806,169,-3311,712367618,9.998102502575723
-817,177,-3333,712369323,10.086241307258495
-804,200,-3384,712374877,10.377411798975078
-794,208,-3392,712375461,10.408083392140705
-714,263,-3470,712384624,10.898108638222295
-713,271,-3469,712385184,10.928049666412013
-647,334,-3593,712394990,11.4689743233072
-560,385,-3697,712412643,12.46703002067907
-553,389,-3691,712413275,12.50271090665913
-553,391,-3688,712413810,12.532892301457398
-550,392,-3685,712414348,12.563215423684426
-515,382,-3706,712418884,12.819936989542128
-509,390,-3705,712419439,12.851336183201482
-474,388,-3682,712427957,13.329666454285563
-468,381,-3678,712428570,13.36405152558507
-474,390,-3676,712429657,13.425012812950586
-424,444,-3688,712437635,13.87312491388769
-413,440,-3689,712438191,13.904356785471464
-391,448,-3688,712439277,13.965291767848688
-333,511,-3673,712446459,14.365918813720384
-330,513,-3679,712446994,14.39581809496123
-318,503,-3679,712448103,14.457765998274688
-259,491,-3692,712455617,14.87807642660403
-254,492,-3696,712456166,14.9088252612206
-213,519,-3727,712466154,15.472402315830857
-119,590,-3781,712487598,16.698487699196573
-118,592,-3787,712488215,16.733869552309972
-114,593,-3793,712488751,16.764653060924758
-113,597,-3789,712489295,16.79586529251264
-66,645,-3803,712494935,17.120412889439347
-63,643,-3816,712495527,17.154605231109446
50,729,-3824,712504621,17.679854097798533
56,733,-3833,712505176,17.71200753057696
84,750,-3843,712506271,17.775575231761117
223,814,-3880,712514610,18.263067614364587
232,811,-3885,712515164,18.295519510537932
235,815,-3889,712515698,18.32683495778023
261,843,-3936,712522448,18.727666038527495
467,797,-3972,712542592,19.931246603805036
456,788,-3971,712543150,19.964674980738504
446,780,-3974,712543684,19.99669765763827
435,769,-3976,712544243,20.03024354164896
260,731,-4022,712558613,20.90680968592444
260,745,-4020,712559163,20.940388763739115
263,758,-4021,712559697,20.973007363087625
269,771,-4021,712560257,21.00722063530802
247,826,-3980,712568572,21.511156503800596
232,815,-3983,712569126,21.54478201371264
185,791,-3967,712578612,22.118875968404858
180,793,-3971,712579181,22.153370804920396
194,804,-3977,712580276,22.219855950107807
294,818,-4033,712588634,22.73388630032338
297,820,-4039,712589183,22.767720019688813
306,820,-4049,712589718,22.800768917733148
320,831,-4058,712590277,22.83537839467669
397,905,-4088,712598569,23.352989229626747
404,905,-4089,712599127,23.38784996437085
406,872,-4135,712608613,23.987093106649446
411,872,-4138,712609181,24.023023297252468
417,873,-4146,712610275,24.092362816810127
484,903,-4219,712618634,24.631631878642825
491,918,-4227,712619189,24.66753762833893
495,925,-4233,712619724,24.702204719113343
505,932,-4231,712620275,24.73789567958902
698,1112,-4264,712628567,25.28051063629994
716,1122,-4264,712629124,25.316997300088996
1026,1163,-4285,712638613,25.940842072471973
1041,1153,-4284,712639178,25.978025219453876
1072,1140,-4292,712640272,26.050127250452753
1177,1063,-4353,712648631,26.608007930069043
1183,1066,-4351,712649188,26.645223094410884
1194,1068,-4353,712649722,26.68092277918127
1206,1075,-4361,712650274,26.717902547937346
1398,1181,-4425,712658567,27.283188818195995
1412,1184,-4428,712659123,27.321182450753806
1409,1261,-4474,712668613,27.978964282103878
1401,1272,-4476,712669177,28.018164747741878
1389,1292,-4473,712670271,28.09422271083395
1413,1317,-4542,712678632,28.685624565623815
1422,1325,-4551,712679187,28.725029163325644
1426,1327,-4553,712679722,28.763039168282276
1426,1325,-4558,712680273,28.80223308004196
1481,1272,-4646,712687955,29.35882640832369
1482,1273,-4647,712688519,29.399759219859785
1402,1275,-4684,712694128,29.81042997595282
1397,1293,-4696,712695757,29.930187187001405
1356,1275,-4718,712703623,30.51153811011284
1354,1273,-4716,712704181,30.552804880095582
1344,1267,-4712,712704716,30.592336454036662
1339,1267,-4712,712705276,30.633720795273714
1289,1168,-4740,712709899,30.97649640290127
1267,1162,-4744,712710435,31.01628474733523
960,932,-4770,712719616,31.696725959298536
942,922,-4768,712720196,31.739703931092905
915,920,-4767,712720755,31.78111406157541
883,917,-4759,712721310,31.822155423207025
729,848,-4748,712725889,32.15919329587145
700,835,-4753,712726444,32.20007270308542
335,715,-4692,712735629,32.864854950020224
325,712,-4691,712736256,32.9102239249348
306,711,-4675,712737346,32.98882442751306
75,701,-4675,712745640,33.58617279309875
63,704,-4677,712746194,33.626091887429574
55,708,-4687,712747288,33.70509386163636
-16,740,-4744,712755154,34.28029898388649
-19,745,-4744,712755689,34.319426808869856
-24,749,-4745,712756247,34.360249399083024
-27,754,-4747,712756782,34.39941107191354
-66,805,-4792,712762907,34.85255255947661
-70,812,-4795,712763443,34.89223919736817
-19,879,-4857,712772624,35.58215924572395
-6,880,-4862,712773208,35.626092803050014
6,887,-4866,712774341,35.7114177566737
214,950,-4938,712784254,36.470834479227484
665,1091,-5089,712800921,37.79408201517955
678,1097,-5089,712801485,37.83888778522469
692,1103,-5089,712802047,37.883546844939445
705,1109,-5097,712802600,37.927569248638356
945,1194,-5099,712808895,38.43088144976893
962,1200,-5093,712809432,38.47379163640674
1362,1285,-5087,712818614,39.210664056919605
1384,1293,-5083,712819192,39.2570662322629
1435,1304,-5075,712820287,39.34491071008218
1600,1373,-5029,712828625,40.01075513583049
1618,1375,-5031,712829179,40.05505952196429
1629,1376,-5024,712829714,40.09779745836899
1645,1377,-5022,712830273,40.142447363916
1880,1425,-4981,712837503,40.717930369049476
2150,1449,-4962,712846180,41.40980015357737
2162,1451,-4958,712846715,41.452496628105024
2176,1454,-4956,712847273,41.497029851617434
2190,1455,-4954,712847879,41.54539272929521
2290,1448,-4931,712853907,42.02528711549173
2295,1440,-4922,712854444,42.06800446030031
2241,1444,-4881,712863615,42.792709758288844
2233,1440,-4871,712864184,42.83764620764793
2227,1428,-4851,712865268,42.922909609769064
2117,1489,-4781,712873637,43.573787733837754
2117,1491,-4777,712874184,43.616351850674455
2113,1493,-4769,712874719,43.65792497209504
2098,1498,-4759,712875278,43.70128481581117
1922,1420,-4712,712882457,44.25068364211093
1704,1268,-4691,712891205,44.912540051850065
1687,1255,-4689,712891739,44.95292474054757
1677,1241,-4688,712892298,44.99516626610768
1667,1229,-4688,712892880,45.0391226852888
1505,1131,-4699,712898890,45.491366626976586
1490,1129,-4705,712899447,45.53333224078965
1170,966,-4720,712908615,46.21845581228684
1143,949,-4722,712909188,46.261257827116104
1096,917,-4723,712910282,46.34283085493568
823,802,-4700,712918618,46.95595373104272
822,801,-4700,712919175,46.996924148950505
811,800,-4698,712919710,47.03625176053657
797,798,-4696,712920269,47.077314084858884
572,756,-4701,712927945,47.63859493843417
550,751,-4706,712928509,47.67985499837901
249,596,-4729,712937160,48.30840453583159
233,584,-4731,712937713,48.3485707823728
191,554,-4741,712938855,48.43152672626795
34,522,-4764,712946645,48.99777577552961
32,518,-4766,712947201,49.03820225671215
16,517,-4769,712948298,49.11798841478457
-99,552,-4763,712956634,49.72315062507119
-115,559,-4763,712957192,49.763661776888945
-127,559,-4763,712957727,49.802495035287784
-135,527,-4703,712963441,50.2115685450744
-245,510,-4580,712978053,51.22821830383853
-252,499,-4572,712978588,51.26536268228577
-262,488,-4563,712979151,51.30435118041381
-267,484,-4562,712979686,51.341383683105825
-236,463,-4431,712987595,51.873252291965535
-232,461,-4425,712988153,51.910730157957374
-228,459,-4422,712988688,51.94663943650807
-228,457,-4423,712989247,51.98416530075203
-205,471,-4331,712994898,52.35615027884214
-206,479,-4325,712995434,52.39139826944758
-71,565,-4171,713004616,52.9778497302525
-72,563,-4165,713005197,53.01490334986469
-67,569,-4164,713005757,53.0506222443597
-57,575,-4161,713006311,53.085949888173644
15,556,-4095,713011897,53.43687085368649
14,550,-4089,713012463,53.47236759592204
27,539,-4038,713021598,54.03818896410085
26,535,-4042,713022148,54.072283047375954
30,541,-4033,713023243,54.14003749955951
149,538,-4061,713031648,54.66484864239976
157,537,-4057,713032203,54.69947464959685
163,538,-4041,713033290,54.767042881947354
23,582,-4027,713049799,55.78882668744683
21,581,-4031,713050386,55.82519082101395
24,588,-4029,713050939,55.859444731914984
30,599,-4028,713051502,55.894330678698694
160,622,-4021,713057967,56.29573099274346
177,627,-4021,713058577,56.33362651356166
261,688,-4024,713067635,56.89921404099475
259,693,-4024,713068183,56.93343767519882
254,709,-4040,713069278,57.00212485947449
160,712,-4047,713076180,57.43501713929869
152,710,-4059,713076715,57.468660038955896
150,707,-4063,713077808,57.53744604735007
159,651,-4091,713085586,58.02912685873163
153,646,-4095,713086144,58.06442224538901
149,633,-4101,713086679,58.09828951824811
142,621,-4102,713087238,58.13366146242617
129,593,-4089,713092891,58.489750859833585
133,591,-4087,713093446,58.524694533711674
165,591,-4052,713102603,59.09681961656082
169,587,-4050,713103198,59.133974260811314
158,579,-4038,713104348,59.205538278671625
160,647,-3982,713112619,59.71482443711119
155,651,-3987,713113174,59.749042507553824
156,648,-3989,713114268,59.81651769599596
234,628,-3936,713122605,60.324512045702505
244,628,-3936,713123162,60.35845895520653
255,631,-3937,713123697,60.391085052256145
258,639,-3936,713124247,60.42463153673304
291,707,-3896,713129907,60.7677325778061
294,719,-3887,713130443,60.80017120371543
224,680,-3884,713139624,61.35359863148215
226,675,-3887,713140208,61.38882207481713
223,668,-3890,713140759,61.42206750358107
215,668,-3892,713141313,61.45550471647898
141,646,-3898,713146906,61.79270746937162
138,650,-3900,713147468,61.82661117726503
37,657,-3964,713156609,62.385778395618075
28,659,-3966,713157158,62.41937454664468
-2,654,-3971,713158243,62.485795481895806
-249,611,-4027,713166654,63.00408389528986
-258,611,-4025,713167203,63.03789210947737
-274,609,-4025,713167738,63.07082437968145
-449,569,-4043,713173432,63.42097967861563
-778,581,-4147,713188613,64.37260555765035
-789,587,-4152,713189163,64.40713744892444
-803,592,-4153,713189698,64.44073396815776
-821,592,-4148,713190257,64.47578404252015
-1100,479,-4259,713209612,65.71018700110153
-1108,478,-4256,713210158,65.74500635783916
-1117,483,-4257,713210693,65.77913477276334
-1118,489,-4260,713211252,65.81482871597947
-1092,516,-4272,713219184,66.32368952167405
-1070,524,-4272,713219719,66.35804662337705
-1060,538,-4278,713220277,66.39395829333571
-1055,553,-4281,713220811,66.42837371529143
-1030,567,-4323,713227484,66.86317520280438
-965,549,-4388,713235184,67.37286343845766
-964,548,-4385,713235719,67.40826042491354
-960,556,-4382,713236269,67.44463932499592
-950,565,-4378,713236804,67.48001261190352
-884,614,-4398,713242443,67.85568778549387
-798,636,-4389,713250211,68.3734352581873
-792,635,-4388,713250746,68.40909353340331
-775,640,-4390,713251840,68.48207777919902
-749,640,-4387,713269608,69.66750568937923
-739,628,-4381,713270155,69.70395163247687
-739,611,-4376,713270690,69.73953691425963
-743,596,-4374,713271250,69.77674674911906
-782,622,-4468,713285058,70.71429739868107
-781,616,-4481,713285593,70.75073003755469
-781,614,-4491,713286155,70.7890840365042
-788,619,-4493,713286690,70.82561472191824
-909,642,-4626,713300611,71.80342362830991
-915,643,-4633,713301161,71.84212333887963
-924,644,-4636,713301696,71.8797893015759
-934,645,-4635,713302255,71.91913344040778
-970,753,-4647,713309180,72.40934640901108
-966,753,-4646,713309715,72.44721866756319
-958,749,-4645,713310273,72.486710657257
-955,743,-4649,713310808,72.52460216721778
-852,700,-4703,713318565,73.08036414197167
-843,704,-4710,713319122,73.12034523326773
-696,706,-4730,713328619,73.80627710491767
-681,707,-4735,713329197,73.84808117892489
-639,715,-4737,713330292,73.92737186214657
-270,688,-4652,713338631,74.52273888388257
-248,676,-4642,713339178,74.56170640524137
-220,661,-4636,713339713,74.59976590699027
-197,652,-4630,713340271,74.63941118324215
-7,523,-4562,713347954,75.17646990930584
1,523,-4559,713348518,75.2158734919607
84,463,-4471,713357605,75.83812829528561
81,459,-4470,713358200,75.87885709140464
88,451,-4468,713359348,75.95739199112457
77,372,-4453,713367622,76.52003172576998
70,364,-4452,713368177,76.55775139934556
56,359,-4459,713369271,76.63219351950663
-5,356,-4466,713377608,77.19988005385594
0,353,-4466,713378156,77.23719436045252
-6,351,-4463,713378691,77.27359416319716
-10,343,-4460,713379250,77.31158986968195
57,346,-4458,713384911,77.69658288630131
63,347,-4460,713385447,77.73305592284095
175,348,-4453,713394627,78.3577108079912
180,347,-4456,713395222,78.39822703176604
179,345,-4462,713395781,78.43633961524264
177,344,-4461,713396338,78.47430532588679
226,290,-4447,713401909,78.85245361315279
223,284,-4442,713402469,78.89041504077463
267,242,-4408,713411617,79.50540856151666
268,253,-4399,713412162,79.54198842288694
257,256,-4380,713413247,79.61449808541178
135,250,-4361,713421626,80.17102039900796
121,247,-4364,713422185,80.20816398259043
111,247,-4359,713422720,80.24366762474395
-26,276,-4371,713428434,80.62352581415121
-136,451,-4230,713443092,81.57083283247465
-123,450,-4227,713443627,81.60539046950639
-112,451,-4226,713444187,81.64156154540296
-114,454,-4223,713444722,81.67609610375038
-20,417,-4090,713452588,82.16814422067151
-17,415,-4085,713453146,82.20300665514826
-6,413,-4082,713453681,82.2364111940867
76,399,-4067,713459440,82.59496610857981
157,388,-4056,713468610,83.16486552652863
149,400,-4056,713469158,83.19893298728843
151,411,-4054,713469693,83.23218969108021
160,413,-4052,713470275,83.26835795366007
122,427,-3997,713474876,83.55043921403332
112,440,-3992,713475431,83.58443381005146
-27,413,-3933,713484625,84.13765218778646
-36,411,-3931,713485205,84.1725271126034
-41,406,-3930,713485762,84.2060021385907
-37,408,-3930,713486312,84.23906094373179
-94,368,-3921,713490898,84.5134521345397
-94,364,-3916,713491435,84.54553731435641
-76,344,-3876,713500616,85.0883300369203
-66,360,-3877,713501218,85.12395674117064
-52,368,-3874,713502332,85.18986734114362
30,402,-3797,713510646,85.67336316516518
38,393,-3792,713511203,85.70570712920441
39,382,-3779,713512290,85.76859000958076
38,374,-3673,713520176,86.21204249933682
36,375,-3668,713520711,86.24208700028346
32,383,-3661,713521269,86.27337139187937
35,396,-3661,713521804,86.3033824160089
68,465,-3570,713527915,86.6388668883561
70,467,-3565,713528452,86.66831016551156
150,533,-3467,713537627,87.15977846617471
158,533,-3471,713538209,87.19099364432152
186,539,-3467,713539343,87.2517917122088
376,652,-3455,713547613,87.69717687306783
379,656,-3461,713548168,87.72712389442907
407,676,-3459,713549262,87.78619782120408
559,801,-3395,713556209,88.1574922368348
559,808,-3389,713556744,88.1860471631559
574,829,-3363,713557837,88.24402119242906
850,863,-3188,713565594,88.63769924320765
870,862,-3173,713566151,88.66585544490712
907,857,-3162,713566686,88.69282523746348
939,853,-3150,713567246,88.72096753328113
1216,824,-3035,713572898,88.99645903887908
1252,828,-3026,713573434,89.02254149368089
1639,851,-2892,713582606,89.45460136026894
1662,853,-2885,713583205,89.48278845008511
1692,864,-2873,713584356,89.53681220956436
1858,882,-2752,713592627,89.91196595863217
1863,880,-2740,713593182,89.93705751905024
1875,887,-2700,713594268,89.98553864726557
1984,912,-2572,713602560,90.34147005943962
1992,917,-2559,713603115,90.36521634263144
2065,907,-2413,713612585,90.75055081410349
2066,898,-2406,713613188,90.7750387861973
2069,890,-2399,713613758,90.7981208423865
2098,824,-2324,713618893,90.9997751942355
2101,814,-2314,713619442,91.02125532254261
2104,796,-2307,713620025,91.0439844905302
2113,709,-2257,713624870,91.22840072975552
2109,697,-2254,713625425,91.249495882534
2094,679,-2246,713626522,91.29100168536979
1897,572,-2167,713634573,91.58240543036509
1867,569,-2161,713635151,91.60326696986262
1815,561,-2158,713636358,91.64668480191641
1208,489,-1984,713646246,91.96775045099388
636,439,-1802,713654582,92.208922972762
603,435,-1790,713655140,92.22494013533017
565,434,-1784,713655675,92.24022267261178
524,437,-1776,713656234,92.2560996829035
180,427,-1662,713662441,92.41897917450808
-240,388,-1500,713671198,92.62207721805494
-259,386,-1494,713671733,92.63442205682078
-281,385,-1488,713672292,92.6472537889057
-311,388,-1478,713672885,92.66075947232231
-489,402,-1376,713678915,92.78775275631891
-495,401,-1366,713679452,92.79897681326386
-589,416,-1188,713688621,92.96542495340826
-592,424,-1175,713689180,92.97547401107725
-590,423,-1145,713690275,92.99466580909737
-518,447,-980,713698612,93.12137052154581
-516,445,-966,713699168,93.12970324659226
-515,446,-957,713699703,93.13765102112028
-512,450,-947,713700262,93.14587904999246
-362,417,-795,713707492,93.23651360891876
-185,386,-607,713716616,93.32637057861896
-172,396,-590,713717174,93.33174622930827
-163,400,-577,713717739,93.33709068367475
-151,398,-564,713718375,93.34298854009852
-75,346,-484,713722889,93.37925292445259
-71,342,-471,713723426,93.38345955695007
164,209,-362,713732607,93.43989629742971
178,201,-359,713733215,93.44360505287081
200,199,-344,713734345,93.45026770850522
339,146,-281,713742619,93.4915243579788
345,143,-274,713743174,93.49423447142131
355,164,-269,713744268,93.49956540099497
398,99,-135,713752605,93.52251989459722
398,94,-123,713753153,93.52392468078443
398,90,-114,713753688,93.52521868144876
385,42,-14,713759438,93.52972336571032
335,-16,118,713768597,93.51689863007786
332,-14,121,713769152,93.51609876143125
330,-19,129,713769687,93.5152555798947
332,-23,132,713770262,93.51431925365345
297,-56,185,713774893,93.50251562312984
296,-56,195,713775430,93.5010663507157
210,-37,310,713784609,93.45993531302251
201,-36,319,713785189,93.45725398421631
199,-35,326,713785764,93.45453551978031
196,-36,331,713786327,93.45182812826091
115,-27,389,713791889,93.41981057577279
105,-24,400,713792459,93.4164329159598
-24,-31,509,713801605,93.34564597097146
-31,-37,515,713802165,93.34124811463523
-61,-46,524,713803259,93.33244270032881
-221,-60,590,713811638,93.25472454230966
-235,-54,595,713812195,93.24951511005865
-245,-52,607,713812730,93.24441113281046
-372,-43,679,713819434,93.17229789764511
-512,-77,749,713827071,93.08013173209119
-526,-81,754,713827606,93.07362049908075
-534,-81,762,713828164,93.06675683407515
-543,-83,764,713828699,93.06015133501361
-609,-122,772,713834889,92.98186355521517
-613,-119,769,713835426,92.97509788773363
-660,-45,818,713844607,92.85387344951388
-664,-43,822,713845164,92.84648637890142
-667,-37,824,713845764,92.83851800007055
-666,-30,825,713846323,92.83109641733215
-711,4,880,713851886,92.75282227993203
-709,-1,889,713852455,92.74473424878543
-667,-56,959,713861586,92.60456992725655
-667,-61,962,713862140,92.59603473644935
-646,-61,978,713863233,92.57896129942563
-471,-70,976,713871635,92.44957911328353
-456,-72,981,713872192,92.44096766086213
-426,-71,982,713873287,92.4240648787341
133,31,906,713891559,92.18002639744007
142,24,901,713892116,92.17262700295595
157,23,901,713892651,92.16552846805986
168,28,901,713893212,92.15809974579352
248,-2,874,713901613,92.05046528236944
257,-9,876,713902170,92.04330981494311
265,-21,871,713902705,92.03646624486996
252,-27,848,713908420,91.96516398761516
197,-32,748,713923593,91.7974617265739
190,-27,744,713924151,91.7913317993044
172,-24,740,713924686,91.78547877518663
156,-25,741,713925244,91.77935322760393
-199,-49,610,713944589,91.59519007900025
-203,-48,607,713945147,91.58990170708145
-206,-50,603,713945681,91.58486807528809
-209,-48,602,713946240,91.5796079288855
-415,-79,527,713960561,91.45611604261443
-430,-74,527,713961116,91.4513271480337
-440,-69,521,713961650,91.44676766817692
-601,-92,445,713969986,91.38293178023741
-606,-92,441,713970550,91.37864378828242
-687,-106,358,713976893,91.3374583410521
-700,-106,355,713977430,91.33398788962032
-742,-97,304,713983074,91.30167502619862
-744,-88,203,713991585,91.26605409557807
-750,-78,206,713992142,91.26370925192766
-758,-73,205,713992677,91.26146670455601
-753,-64,147,713998437,91.2425135711335
-758,-41,18,714013040,91.22358625205985
-758,-38,18,714013575,91.22289946617724
-762,-39,17,714014123,91.2222003886387
-762,-44,13,714014658,91.22154354503463
-687,-20,-54,714022594,91.2209964804061
-683,-12,-51,714023148,91.2209482125364
-677,-8,-53,714023683,91.22092699166332
-596,19,-94,714029425,91.22518573212528
-454,49,-144,714038583,91.24111145189201
-446,51,-144,714039140,91.2420885658076
-438,47,-142,714039675,91.24301088905112
-425,49,-144,714040258,91.24404546001422
-315,75,-200,714044879,91.257037259349
-305,85,-201,714045434,91.25862634731631
-88,140,-252,714054626,91.29561700845255
-77,145,-252,714055198,91.29793349482429
-62,157,-255,714055766,91.30028640631038
-54,161,-254,714056313,91.30255475803507
75,182,-268,714061877,91.32794680478374
91,178,-275,714062465,91.33069771025815
276,223,-272,714071610,91.37613210124132
298,223,-279,714072172,91.37899932542454
341,231,-286,714073268,91.38478511571395
482,226,-317,714081624,91.43413351188855
492,228,-316,714082182,91.43743220639529
509,225,-319,714082717,91.44062631963563
563,222,-364,714088432,91.4789578446223
491,218,-429,714103584,91.5940234911816
483,218,-431,714104141,91.59826822895805
469,211,-436,714104676,91.60236691139797
459,204,-439,714105237,91.60667336277895
80,134,-440,714124581,91.74295311251406
75,131,-442,714125138,91.74688679369171
65,125,-446,714125673,91.75068238725594
56,127,-442,714126231,91.75460425866912
-101,107,-443,714134590,91.811414528103
-118,106,-445,714135147,91.81520352605025
-126,105,-446,714135682,91.81884417623742
-128,103,-447,714136242,91.82265910108626
-209,94,-443,714142429,91.86366696646327
-291,90,-455,714151610,91.92513809261197
-291,86,-454,714152167,91.92885357204467
-291,80,-456,714152724,91.93257729316679
-293,76,-454,714153290,91.93633705067194
-332,54,-456,714158892,91.9731326953331
-334,51,-461,714159429,91.97669485991787
-335,50,-470,714168601,92.03874433133643
-344,43,-470,714169166,92.0425504863499
-343,36,-474,714170260,92.04996801514038
-336,12,-469,714178619,92.10558600966836
-337,9,-463,714179175,92.10923073177506
-344,5,-457,714179710,92.11267958603815
-348,0,-455,714180261,92.1162053804259
-366,-6,-416,714187499,92.15801626372232
-331,-16,-384,714196625,92.20652722689199
-321,-19,-383,714197172,92.20942964608874
-312,-23,-385,714197724,92.21237583283065
-308,-27,-387,714198289,92.21540552976847
-245,-18,-386,714202864,92.24033248617967
-241,-15,-379,714203422,92.24332119855329
-117,24,-373,714212610,92.29402596253097
-110,22,-375,714213205,92.29732967030027
-83,21,-380,714214332,92.30370706636806
20,66,-352,714222624,92.34915047515999
15,69,-352,714223172,92.35215459327875
20,65,-342,714224267,92.3579889526879
106,58,-297,714231201,92.39088191762535
103,50,-297,714231735,92.3934026120652
100,46,-293,714232821,92.39844889131629
123,30,-264,714239946,92.42838074162094
136,24,-256,714240510,92.43068352845305
139,18,-230,714246875,92.45412085157933
135,17,-237,714247428,92.45621138215245
105,18,-221,714254069,92.47948991279003
58,9,-178,714261088,92.49899187404654
46,5,-184,714261623,92.50051312750199
21,14,-187,714262710,92.50364289137924
-80,30,-147,714270575,92.52087008704866
-85,34,-145,714271133,92.52207768483365
-91,33,-142,714271668,92.52320596405609
-98,34,-138,714272226,92.52434566598612
-156,28,-102,714277427,92.53169371344907
-274,9,-62,714286619,92.53733105178405
-276,7,-54,714287176,92.53760162499223
-281,9,-45,714287742,92.53779937650518
-298,15,-40,714288331,92.53795704566735
-328,15,-32,714292894,92.53845555306513
-323,11,-28,714293430,92.53848003985976
-338,38,23,714302611,92.53232451871006
-343,41,29,714303219,92.5318629648165
-349,48,34,714304351,92.53092999246516
-352,59,78,714312620,92.51885489054776
-353,50,81,714313176,92.51800476559343
-352,36,94,714314262,92.51609564177555
-355,31,150,714322194,92.49535827128742
-361,34,151,714322728,92.49395420885367
-362,32,151,714323287,92.492480907461
-356,26,152,714323822,92.49105888060258
-336,13,182,714329880,92.47218717349769
-331,18,182,714330437,92.4704626197312
-250,22,164,714339596,92.44561615482255
-245,16,160,714340176,92.44407252801807
-238,15,160,714340767,92.44250341306275
-232,16,163,714341315,92.44102935613095
-154,59,173,714346877,92.42638583106068
-150,58,173,714347467,92.42483402765352
-101,42,196,714356609,92.39783840817296
-99,38,208,714357153,92.39613004735214
-84,26,221,714358247,92.39246907953903
-51,25,245,714366627,92.36174205523888
-45,27,243,714367184,92.35972361104203
-42,20,242,714367719,92.35778557224279
-16,41,246,714373436,92.33722579955959
8,60,258,714388586,92.28121921658051
8,57,262,714389143,92.27912287834826
7,50,261,714389678,92.27710725308219
12,48,259,714390238,92.27501504705455
-93,65,247,714409584,92.20444201587875
-95,65,250,714410138,92.20239486453377
-95,54,252,714410673,92.20038698644018
-99,42,254,714411233,92.19824859250187
-194,32,290,714419187,92.16240443899973
-205,25,289,714419722,92.15998445288338
-226,24,295,714420815,92.15490969165263
-286,12,270,714436813,92.0849078982366
-285,16,264,714437349,92.08261694633528
-281,17,257,714437942,92.08014919468884
-279,17,256,714438528,92.07772087656639
-276,37,257,714444901,92.05156341411106
-280,33,259,714445520,92.04899477845477
-299,23,270,714454620,92.00927934068885
-298,29,270,714455175,92.00686630037266
-287,22,277,714456261,92.00202668122587
-272,11,276,714464192,91.96673490342071
-278,11,275,714464727,91.96435815089173
-282,14,275,714465286,91.96187614357062
-279,18,272,714465820,91.95953662537316
-241,21,264,714472500,91.93144907650857
-237,24,257,714481626,91.89415122274755
-238,20,258,714482173,91.89190121171058
-243,21,260,714482726,91.88960777592283
-245,20,266,714483291,91.88721083954147
-240,-11,254,714487869,91.86828463272026
-238,-4,253,714488423,91.86601383080703
-178,6,224,714497844,91.83246002057008
-206,47,213,714515051,91.77517722828925
-207,46,220,714515586,91.77333797368321
-200,49,224,714516147,91.77138496083614
-195,49,222,714516682,91.76954194906772
-167,64,173,714530583,91.73289991002079
-171,63,167,714531141,91.73147502899641
-172,59,168,714531676,91.73009476102784
-171,60,172,714532234,91.728623797704
-141,62,140,714540571,91.71101220332616
-146,70,137,714541127,91.70987038871637
-132,103,119,714550609,91.69392061422174
-140,104,114,714551218,91.6929372130765
-161,100,99,714560606,91.67954208765367
-165,100,104,714561161,91.67870573538265
-169,109,102,714562255,91.67710927910133
-165,90,84,714570591,91.66683750292312
-160,87,84,714571148,91.66615051361961
-154,91,80,714571683,91.66553230721993
-151,97,75,714572234,91.66494744081314
-163,97,66,714577895,91.65961558116615
-162,98,63,714578431,91.65913692193753
-172,119,41,714587615,91.65433740451859
-171,113,42,714588222,91.654002649566
-172,105,35,714589336,91.65348123322426
-188,105,12,714597624,91.6522912462956
-191,106,11,714598171,91.65222020293533
-199,105,12,714599265,91.65204770293033
-203,104,-31,714613590,91.65891906903018
-208,102,-33,714614148,91.65919707084137
-212,99,-35,714614683,91.65947284908401
-215,103,-33,714615234,91.65974381984589
-228,73,-76,714634587,91.67994907051968
-229,72,-72,714635144,91.68049507351923
-217,67,-77,714635679,91.68106107414923
-204,66,-84,714636237,91.68171787160881
-184,58,-94,714644192,91.69231699923725
-188,58,-90,714644727,91.69299498649802
-197,61,-87,714645276,91.69366385804928
-204,65,-84,714645811,91.69429222654638
-206,43,-98,714652935,91.70374017235578
-209,45,-101,714653499,91.70451423866244
-181,57,-112,714662616,91.71913559078305
-176,52,-115,714663221,91.72012930027788
-175,49,-113,714664334,91.72191697438788
-168,33,-136,714672604,91.73779255150885
-173,37,-140,714673160,91.73889532664266
-173,35,-133,714674254,91.74094476223331
-165,32,-151,714681201,91.75585337569348
-171,30,-159,714681736,91.75705890113966
-172,34,-162,714682829,91.75958063916381
-204,77,-154,714690585,91.77707006214074
-203,72,-151,714691142,91.77829467471837
-199,69,-153,714691677,91.77948565509392
-196,68,-157,714692237,91.78076663120771
-210,71,-160,714697889,91.79389107580724
-206,69,-161,714698425,91.79514380072267
-265,9,-160,714707615,91.81439444947772
-264,14,-157,714708201,91.81560383161934
-260,8,-164,714709405,91.81820302787992
-251,61,-181,714717618,91.83922315994205
-255,66,-185,714718173,91.84068110795296
-257,66,-186,714719259,91.84354747618583
-223,91,-166,714726215,91.86056251529578
-216,94,-160,714726749,91.86182950768182
-208,86,-159,714727834,91.86437677605782
-167,85,-147,714735599,91.88159751075901
-167,86,-141,714736147,91.88276488704994
-167,89,-138,714736682,91.88388454210424
-162,94,-137,714737241,91.8850566775904
-144,77,-142,714742420,91.8962021164215
-110,96,-139,714751611,91.91641011256934
-104,95,-140,714752169,91.91764825894859
-90,94,-146,714752729,91.91894990880456
-90,95,-148,714753313,91.92032634596714
-101,112,-155,714757887,91.9317191095563
-104,107,-154,714758424,91.93303975726572
-87,85,-145,714766169,91.95078059057369
-84,82,-145,714766704,91.95200411505986
-83,81,-148,714767882,91.95474972622578
-98,68,-127,714775603,91.96991072492578
-99,70,-129,714776223,91.97114913500582
-103,72,-128,714776812,91.97231673714901
-165,34,-119,714785631,91.98705638045266
-165,40,-121,714786188,91.98801250011019
-176,53,-115,714787283,91.98981403002821
-236,38,-97,714795597,92.00028901446018
-240,40,-99,714796145,92.00099585736434
-246,44,-103,714796680,92.00171930473185
-256,41,-108,714797239,92.00250568992855
-287,33,-109,714802428,92.00957126512978
-321,43,-118,714811611,92.02314678764237
-321,41,-115,714812166,92.02393959636818
-325,37,-108,714813305,92.02542971323692
-329,46,-89,714829988,92.04279924257476
-327,44,-86,714830552,92.04335988823208
-322,40,-86,714831104,92.04390660774956
-312,33,-86,714831639,92.04443395007748
-241,12,-78,714845585,92.0570423979629
-236,7,-81,714846140,92.0575658041673
-235,5,-75,714846675,92.05802018913037
-235,8,-71,714847235,92.0584664202636
-170,45,-81,714855593,92.06785466662743
-176,47,-77,714856151,92.06844646558775
-173,48,-71,714856686,92.06896911315631
-161,52,-67,714857236,92.06948740886197
-129,77,-58,714862897,92.07464580828726
-128,77,-54,714863433,92.0751027510391
-133,48,-24,714872617,92.07807062693219
-136,40,-26,714873224,92.07827047799118
-133,41,-30,714874338,92.07871122081443
-126,38,-25,714882625,92.08138079905606
-123,42,-25,714883172,92.08156464606543
-126,35,-36,714884267,92.08208991268987
-96,57,-20,714891191,92.08440013625284
-99,59,-15,714891726,92.08453915973145
-115,56,-10,714892819,92.08471038600345
-163,57,-11,714900575,92.08558077784771
-166,47,-10,714901133,92.08561883882564
-166,44,-13,714901668,92.08567537664402
-165,47,-17,714902226,92.08577276238472
-191,60,-3,714907878,92.08556692718078
-189,60,-3,714908415,92.08554875816756
-175,60,0,714917595,92.08499101312177
-173,63,8,714918207,92.08488657401324
-159,61,12,714919339,92.08464024960335
-163,70,37,714927663,92.07985219456938
-157,72,39,714928207,92.0795299170476
-155,78,35,714929300,92.0789673152612
-195,74,63,714937637,92.07065883259584
-194,71,57,714938194,92.0701503958003
-198,73,56,714938728,92.0696708913507
-203,76,55,714939280,92.06918410430569
-210,39,51,714944896,92.06399511681019
-218,45,56,714945432,92.06346221209618
-227,57,24,714954615,92.05891141011784
-230,60,25,714955170,92.05863008476918
-228,58,23,714955772,92.05834152835851
-228,63,22,714956323,92.05809261213567
-243,56,28,714961894,92.05486847883547
-248,52,29,714962463,92.05452125552351
-264,37,43,714971572,92.04651811841501
-264,42,40,714972124,92.04606493947153
-264,54,44,714973212,92.04513922390996
-268,27,57,714981642,92.03570763958751
-265,27,54,714982192,92.03511920664653
-258,29,48,714982727,92.03460250303334
-252,56,42,714988421,92.03004585535756
-151,82,19,715003032,92.02625151130331
-146,78,20,715003566,92.02610292036957
-147,79,19,715004129,92.02595539611283
-148,83,18,715004664,92.02582792066062
-128,92,22,715012576,92.02385105647261
-124,99,14,715013132,92.02379154337058
-121,99,9,715013666,92.02377651505513
-105,78,32,715019425,92.02144239362217
-77,67,17,715028596,92.0198687533259
-74,71,14,715029144,92.01980709739807
-77,76,10,715029679,92.01978367289405
-80,77,16,715030238,92.0197081238706
-92,80,12,715034863,92.01932398084888
-93,79,14,715035418,92.01925914394357
-135,90,3,715044610,92.01945748870334
-141,90,5,715045188,92.01944814797102
-148,79,2,715045772,92.01944351982661
-146,68,-4,715046317,92.01947456791368
-204,58,-11,715051890,92.01981836975493
-202,57,-13,715052459,92.01987058547442
-292,41,-33,715061586,92.02201611543865
-289,41,-33,715063236,92.02241059323998
-317,62,-48,715077576,92.02930811939042
-322,59,-41,715078133,92.02950988429129
-322,55,-33,715078668,92.029634098843
-326,51,-28,715079228,92.02971360284474
-300,66,-36,715087587,92.0324998354283
-294,65,-37,715088143,92.032696466464
-296,59,-34,715088678,92.03285216195236
-297,53,-33,715089229,92.03299524788504
-262,76,-40,715094889,92.03564148623684
-254,72,-40,715095425,92.03589224177317
-195,69,-46,715104268,92.04143019871958
-183,70,-47,715104803,92.04178287476068
-181,70,-47,715105397,92.04217597272454
-186,72,-47,715105951,92.0425418141308
-182,63,-65,715111886,92.04796060682456
-177,64,-67,715112423,92.04847181835119
-150,64,-97,715121596,92.06165230782472
-155,69,-102,715122190,92.06255400955102
-159,74,-106,715122739,92.06342440774003
-160,83,-102,715131637,92.07718692110521
-173,84,-98,715132194,92.07800707199434
-182,84,-96,715132729,92.07877257068877
-202,80,-96,715138422,92.08671452189084
-180,61,-87,715153595,92.1055394698339
-178,60,-82,715154143,92.10617829589658
-169,66,-80,715155237,92.10744994050074
-200,44,-130,715174614,92.14266796100272
-197,43,-132,715175170,92.14369596932912
-196,42,-140,715176256,92.14583296011803
-250,63,-159,715184230,92.1636616287634
-256,61,-154,715184765,92.16481087894377
-254,60,-146,715185323,92.16594259896245
-257,58,-140,715185858,92.1669747599701
-282,26,-150,715193552,92.18210962999825
-286,33,-150,715194106,92.18320631164136
-301,27,-143,715202904,92.19939782166284
-301,24,-144,715203498,92.2004955620459
-305,5,-147,715204609,92.2025403633411
-310,21,-147,715208879,92.21054290102245
-306,25,-153,715209426,92.21162563407889
-304,31,-161,715210011,92.21286409231486
-279,50,-144,715214853,92.22226505314808
-274,59,-147,715215408,92.22338365488334
-267,64,-142,715216506,92.22553787355406
-225,49,-147,715224556,92.24206978454268
-222,56,-155,715225135,92.24334071551375
-228,66,-161,715226309,92.24604360676716
-189,61,-165,715234667,92.26610314917579
-183,61,-163,715235211,92.26739664810096
-171,60,-151,715236297,92.26979737483055
-124,83,-167,715244620,92.29117511330033
-124,83,-169,715245168,92.29259912056531
-115,84,-169,715245703,92.29399688191464
-132,103,-165,715251420,92.30873566118888
-147,87,-172,715260588,92.33279193925303
-147,79,-174,715261145,92.33425909117493
-159,72,-168,715261680,92.33560251374551
-172,68,-166,715262232,92.33695730442399
-222,60,-206,715267422,92.35237288881234
-320,57,-250,715276601,92.38447201565799
-323,60,-249,715277159,92.38641711856408
-326,61,-253,715277707,92.38835952311932
-331,64,-256,715278298,92.39048157661374
-384,54,-272,715282875,92.40758998062269
-383,62,-274,715283411,92.40962106302011
-464,49,-289,715292598,92.44525655399738
-467,48,-294,715293206,92.44765724835969
-472,28,-291,715294331,92.45198590402664
-530,30,-312,715302605,92.4858665324376
-533,28,-316,715303160,92.48816829129512
-523,22,-313,715304254,92.4926541786192
-497,25,-316,715311222,92.52182910194739
-494,26,-323,715311757,92.52412918424359
-489,29,-321,715312851,92.52881491238801
-456,27,-316,715320585,92.56165265122796
-444,36,-321,715321142,92.56408062530926
-428,46,-323,715321677,92.56645279874267
-421,51,-323,715322229,92.56891206422979
-392,27,-320,715327890,92.59375475633388
-385,21,-320,715328426,92.59610399848049
-263,62,-360,715337598,92.64415280078724
-253,59,-364,715338203,92.64736181537984
-243,65,-360,715339324,92.65327110411528
-159,83,-386,715347617,92.70147208300294
-160,95,-387,715348164,92.70467496623158
-163,102,-397,715349259,92.71126560721088
-86,91,-396,715357572,92.76176298795146
-88,89,-394,715358130,92.76513169184258
-90,86,-392,715358665,92.76834019549761
-97,84,-390,715359224,92.77166814893624
-117,76,-418,715364875,92.80743307616159
-121,79,-422,715365411,92.81085881753377
-181,80,-449,715374593,92.87258983512139
-186,81,-444,715375151,92.87629724056272
-198,84,-445,715375754,92.88030791667478
-209,82,-446,715376312,92.8840171455337
-232,86,-459,715381874,92.92196771182255
-230,87,-462,715382462,92.92600919772566
-290,88,-487,715391574,92.99138898468655
-295,81,-487,715392126,92.9953368481924
-303,73,-486,715393220,93.00311222718709
-328,85,-499,715401625,93.06447194276936
-326,83,-497,715402180,93.06850585856434
-324,82,-493,715402715,93.07236234083297
-344,98,-487,715409419,93.12017623441929
-366,110,-484,715418580,93.18511946387856
-362,112,-475,715419134,93.18897766070364
-363,119,-474,715419669,93.19270393518389
-368,121,-477,715420251,93.19678297218724
-374,140,-492,715425879,93.23771412387956
-375,139,-495,715426416,93.24164198309755
-348,144,-476,715432837,93.28707312823597
-352,150,-477,715433401,93.29107762769553
-347,158,-483,715434498,93.29899358567589
-278,195,-487,715442599,93.35936555540705
-268,196,-487,715443206,93.36389833327503
-254,200,-486,715443775,93.36815428704101
-223,205,-481,715448866,93.40611050856585
-212,209,-479,715449415,93.41020000169225
-205,217,-474,715450587,93.41887512495657
-179,214,-478,715454879,93.45101088783119
-184,212,-483,715455426,93.45514151376709
-184,221,-485,715456524,93.46348986693678
-144,229,-471,715461927,93.50380855868852
-135,237,-467,715463583,93.51611732279626
-122,221,-467,715470262,93.56561139789765
-125,217,-465,715470797,93.56955273189679
-127,217,-467,715471333,93.57351620300783
-129,226,-470,715471868,93.57750671650379
-100,225,-471,715477410,93.61911453895874
-92,231,-465,715486021,93.68319971167418
-88,230,-469,715486556,93.68721488153469
-89,231,-473,715487667,93.6956210119052
-91,222,-457,715495586,93.75344312919226
-98,217,-458,715496174,93.75773314097444
-153,202,-448,715505606,93.82414225530326
-150,209,-452,715506161,93.82809479247985
-142,227,-441,715507255,93.83576388852009
-203,205,-440,715515591,93.89299751205948
-209,203,-442,715516141,93.89678350574349
-211,199,-446,715516676,93.90049186644731
-211,200,-449,715517234,93.90438615738512
-263,183,-447,715522863,93.94290632892483
-267,180,-450,715523420,93.94673629616753
-351,157,-433,715532620,94.00617752837586
-362,146,-435,715533218,94.01003530401586
-369,144,-439,715534370,94.01752075866123
-403,119,-438,715542591,94.06997620817886
-409,113,-440,715543147,94.07352866432092
-424,108,-442,715544243,94.08053088472258
-487,90,-437,715552580,94.13216684638559
-491,86,-439,715553136,94.13561961597463
-492,85,-441,715553671,94.13895616851049
-496,86,-441,715554229,94.14243483744505
-508,75,-455,715559881,94.1786304316534
-508,77,-460,715560418,94.18211273173053
-512,77,-463,715569576,94.24187893748065
-511,74,-455,715570156,94.24559158776702
-520,83,-463,715571325,94.25322773011682
-522,85,-454,715579669,94.30663378395367
-513,92,-450,715580230,94.3102069074762
-497,86,-450,715581318,94.3171422974198
-491,88,-454,715589413,94.36933565388192
-484,99,-459,715589947,94.37283781764883
-479,102,-463,715590510,94.37657150954007
-472,99,-466,715591065,94.38027795529808
-422,125,-467,715598547,94.43127610556446
-424,132,-469,715599102,94.43508394023345
-352,159,-446,715608615,94.49850096912016
-350,159,-443,715609180,94.50224354007374
-341,175,-441,715610274,94.50951074128554
-259,169,-415,715618612,94.56234019324009
-254,166,-410,715619166,94.5658081056281
-256,164,-405,715619701,94.56911305377346
-252,162,-406,715620253,94.57253134294147
-164,175,-419,715627490,94.61974566877211
-95,212,-413,715636615,94.68000828701308
-97,213,-417,715637163,94.68366034383129
-95,210,-419,715637733,94.6874734589792
-94,190,-410,715644421,94.73099962187396
-145,178,-406,715659550,94.82719930875037
-148,182,-408,715660128,94.83089542671644
-151,178,-402,715660711,94.83456329828701
-184,163,-400,715667411,94.8760113234072
-221,188,-364,715680074,94.94769087121
-229,178,-365,715680609,94.95070954008499
-225,172,-365,715681170,94.95386957333042
-225,171,-366,715681705,94.95688992576542
-219,188,-365,715687870,94.99189546543694
-218,195,-364,715688427,94.99505976174879
-185,163,-362,715699239,95.0557578074571
-177,149,-358,715707555,95.10174540437986
-184,147,-356,715708110,95.10479063325937
-189,151,-358,715708645,95.10774413404302
-181,153,-360,715716567,95.15182909950165
-180,147,-363,715717113,95.15488500382797
-180,145,-354,715718209,95.16086568947567
-204,147,-353,715725582,95.2008137501843
-212,130,-353,715726138,95.20379849956021
-213,130,-358,715726673,95.20671010029763
-213,137,-356,715727225,95.20970681741227
-220,141,-342,715732414,95.23679139075057
-258,121,-348,715741596,95.28469762616744
-263,121,-345,715742152,95.28757018973293
-265,118,-342,715742712,95.29043285081787
-262,117,-338,715743299,95.2933989209555
-276,95,-341,715747869,95.31638271593629
-274,91,-335,715748424,95.3191199673508
-284,72,-345,715757624,95.36535503241925
-287,73,-337,715758222,95.36828777637058
-309,88,-335,715759344,95.37376748828738
-315,83,-331,715767574,95.41331271161091
-307,78,-329,715768130,95.41596632851788
-305,81,-330,715769224,95.42121448704042
-337,64,-331,715777626,95.46099482767461
-333,62,-334,715778185,95.46366683228273
-330,65,-338,715778720,95.46626199343477
-338,92,-323,715784417,95.49292296720348
-306,87,-312,715792074,95.52768901348412
-312,89,-310,715792609,95.53010089783345
-312,87,-306,715793169,95.53258917106844
-276,97,-308,715800426,95.5655305708165
-237,64,-280,715815577,95.62744018780319
-235,66,-282,715816135,95.62974104200626
-241,70,-287,715816670,95.63198857590432
-239,71,-284,715817228,95.6343101790901
-242,68,-265,715822880,95.65615121487733
-229,73,-275,715823416,95.65831756191207
-242,76,-282,715832623,95.696424299492
-249,70,-278,715833234,95.69890282451688
-257,65,-269,715833769,95.7009893555089
-262,69,-264,715834315,95.7030796771971
-282,45,-274,715839878,95.72477064674955
-283,44,-276,715840507,95.72723998009127
-283,55,-276,715849597,95.76316163189917
-284,62,-273,715850153,95.76534228697305
-300,64,-273,715851247,95.7696177371452
-318,69,-263,715859585,95.80087356076584
-320,66,-258,715860141,95.80291087021912
-327,66,-253,715860676,95.80482664544694
-332,69,-251,715861226,95.80678026230794
-344,82,-235,715867424,95.82740722109463
-301,58,-242,715876602,95.85886485514581
-302,57,-240,715877160,95.86075875564363
-304,66,-241,715877713,95.86265435275592
-304,69,-238,715878299,95.8646407398679
-271,68,-241,715883884,95.88402585819344
-270,72,-245,715884420,95.88592418436612
-253,98,-229,715893616,95.91701973655087
-255,93,-234,715894181,95.91896487211325
-261,89,-230,715895267,95.92262064346474
-217,96,-199,715903611,95.94737957216176
-212,98,-196,715904160,95.94898957563532
-211,101,-193,715904695,95.95053873882476
-212,103,-194,715905255,95.95217067954921
-200,96,-199,715912875,95.97493155378378
-198,99,-200,715913412,95.97654864703829
-134,113,-200,715922625,96.00527582183615
-126,118,-199,715923215,96.00711898915573
-118,121,-203,715923750,96.00883123168299
-109,118,-207,715924311,96.01066237258388
-95,127,-190,715929873,96.02760184207418
-94,127,-183,715930491,96.02941967041978
-69,139,-169,715939593,96.05479566567459
-62,144,-167,715940149,96.05634011925032
-65,142,-167,715941243,96.0593701326365
-73,141,-144,715949197,96.07855660476348
-74,140,-141,715949732,96.07982116278991
-66,134,-144,715950290,96.08116262715302
-64,134,-146,715950825,96.08246614381113
-50,142,-154,715957887,96.10077025956963
-54,145,-150,715958423,96.10212862113595
-76,134,-149,715967604,96.12478733285387
-74,137,-144,715968216,96.12625751889595
-118,130,-123,715978632,96.1472860690366
-168,122,-91,715987572,96.16034461392864
-168,119,-95,715988129,96.1611878138988
-170,114,-94,715988664,96.16198213968288
-188,106,-69,715994426,96.16814168500815
-209,112,-77,716003565,96.17891666455817
-206,114,-71,716004121,96.17952657526823
-208,116,-68,716004655,96.18008952561989
-211,114,-60,716005241,96.18063199153836
-230,103,-57,716009860,96.18447825918541
-233,99,-54,716010415,96.18490823000884
-241,105,-26,716019290,96.18808913958586
-255,104,-26,716019825,96.1882709700278
-257,109,-26,716020433,96.18848334116444
-250,109,-19,716021000,96.18862629680802
-259,122,-1,716026887,96.18863522088436
-262,113,1,716027424,96.18860669656227
-252,107,10,716036576,96.18685913408639
-253,104,17,716037139,96.18668776455635
-258,97,23,716038226,96.18623466962053
-245,89,17,716046609,96.18346573387585
-247,94,14,716047165,96.18331242875624
-253,98,14,716047700,96.18316623241031
-252,91,37,716053414,96.1795408967079
-220,62,67,716068568,96.16261665133388
-229,58,61,716069122,96.16203699816023
-234,54,58,716069657,96.1614932677496
-235,56,58,716070217,96.16092611145514
-229,73,96,716089564,96.13117868572812
-218,70,97,716090118,96.1303216628605
-216,68,88,716090653,96.12956518294123
-219,69,77,716091215,96.12886289543887
-229,63,108,716105586,96.10383605770572
-225,60,103,716106140,96.10291160215904
-227,56,107,716106675,96.10198041637102
-227,53,112,716107227,96.10097424348822
-203,68,104,716115563,96.08730563292266
-199,69,107,716116120,96.08637104499576
-203,66,113,716116655,96.0854188652767
-210,64,111,716117213,96.08443543699796
-195,69,112,716122865,96.0745528465473
-195,71,112,716123421,96.07358328198966
-188,75,120,716132604,96.05662467938734
-175,71,118,716133221,96.0555072271364
-169,82,120,716134374,96.05342202069724
-159,89,121,716142593,96.03866376607061
-155,88,122,716143149,96.0376582968715
-152,76,123,716144243,96.03563641976417
-147,89,114,716151210,96.02395626936499
-148,88,124,716151745,96.02297701550253
-137,87,130,716152842,96.02088136561784
-154,88,131,716160578,96.00585402773058
-150,77,129,716161132,96.00478277884385
-147,75,130,716161667,96.00373955239063
-147,77,129,716162227,96.00265863407584
-155,71,121,716167879,95.99229769025905
-159,72,123,716168415,95.99129780533248
-188,65,134,716176715,95.97402835211847
-250,65,125,716194574,95.93801725893081
-251,63,126,716195129,95.93688658416542
-256,64,125,716195664,95.93580289593191
-261,59,124,716196222,95.93467126217026
-282,24,108,716210566,95.9075101851684
-279,28,103,716211120,95.90650998393872
-277,40,103,716212215,95.90456640336178
-263,28,107,716220102,95.88999727666484
-261,29,105,716220637,95.88902759924028
-251,26,107,716221731,95.88701664859242
-215,51,81,716234977,95.86917074736782
-208,49,80,716235541,95.86842124279323
-201,46,75,716236091,95.86773224251455
-184,52,76,716242420,95.85992052143834
-201,32,54,716262565,95.8403870806953
-213,30,53,716263122,95.83984512005816
-214,26,56,716263657,95.83929479575544
-209,20,57,716264216,95.83870671419123
-181,60,19,716272191,95.83587848587455
-186,60,22,716272726,95.83566155126356
-192,58,27,716273285,95.83538638285212
-197,76,21,716280415,95.83278011412989
-167,74,11,716295584,95.82996681322295
-175,71,10,716296133,95.82986436996701
-179,66,14,716297227,95.82957657205003
-202,95,-4,716314568,95.8304328349637
-194,95,-5,716315124,95.83047374534297
-189,101,-5,716315659,95.83052369578718
-185,104,1,716316217,95.83053190813062
-185,94,-1,716330590,95.83083896934933
-188,102,-1,716331136,95.830859015095
-198,107,4,716331671,95.83083858274263
-208,109,5,716332230,95.83080506357761
-196,88,-2,716340569,95.83088663405456
-194,88,-2,716341124,95.83089333238928
-190,92,0,716341659,95.83089115817009
-186,91,2,716342217,95.83087334243338
-191,96,-16,716347871,95.83225780821117
-195,89,-18,716348407,95.83239393239782
-179,98,-24,716355087,95.8349564020702
-177,86,-16,716355622,95.83508340435455
-180,81,-4,716356718,95.8351291295217
-189,100,0,716361914,95.83521163979675
-189,100,-12,716363036,95.83543199515061
-192,93,-16,716371593,95.83745757726456
-192,86,-13,716372151,95.8375553162247
-187,89,-8,716372716,95.83761898714734
-189,89,-4,716373305,95.83764857988523
-189,98,-8,716378875,95.83838129724893
-186,96,-9,716379411,95.83845918748165
-207,93,-5,716390202,95.83904381610405
-171,90,1,716398581,95.83902617578462
-176,81,0,716399138,95.83901843875329
-180,78,0,716399673,95.83900480027262
-185,79,1,716400224,95.83898062259793
-186,61,0,716407896,95.83842625517221
-183,61,3,716408460,95.83836197711909
-170,42,2,716417585,95.83718720188592
-174,39,0,716418192,95.83712027713703
-185,34,2,716419331,95.836932773891
-197,55,16,716427572,95.8341344492408
-199,48,17,716428129,95.83392650784924
-205,46,19,716429222,95.83347297264672
-208,48,29,716437625,95.82873294668117
-211,44,30,716438184,95.82840205273645
-215,38,35,716438719,95.82803515013588
-226,52,31,716444415,95.8245874189925
-241,34,33,716452073,95.81926738683356
-243,29,36,716452607,95.8188648470485
-244,29,43,716453168,95.81838224415252
-234,44,65,716459417,95.811229688093
-220,51,79,716468587,95.79909954077274
-216,43,76,716469136,95.79839029825226
-211,37,68,716469671,95.79775904440372
-215,40,63,716470252,95.79711865540575
-191,35,73,716474853,95.7914270470974
-193,37,71,716475409,95.7907573242021
-191,42,89,716484284,95.77778824022812
-190,41,91,716484819,95.77698970181166
-192,43,97,716485437,95.77601298893345
-191,38,105,716486003,95.77504435349054
-171,34,104,716491881,95.76515220657637
-167,22,102,716492417,95.76425365648194
-162,41,110,716501560,95.74828567115297
-159,40,113,716502112,95.74729731010196
-149,40,116,716503196,95.74531985086853
-159,37,135,716511630,95.72736836755108
-164,40,131,716512179,95.72623361132325
-162,44,129,716512714,95.72515013178348
-156,32,144,716519415,95.70992462891888
-166,25,154,716528033,95.68880729053953
-158,29,151,716528568,95.68753040736365
-154,33,149,716529111,95.68625834992285
-154,35,149,716529645,95.68500988451856
-190,24,146,716535887,95.67027992384192
-195,13,152,716536424,95.66894730213048
-223,26,176,716542845,95.65068510628392
-224,32,172,716543402,95.64914164465398
-226,25,164,716544499,95.64621330939369
-247,48,180,716552565,95.62298230143375
-246,49,187,716553153,95.62122893981481
-236,44,192,716553732,95.61945869551882
-232,43,196,716558873,95.60344265091375
-235,38,201,716559409,95.60172438343874
-239,39,202,716560572,95.59797604688582
-233,48,203,716564887,95.58412464739192
-234,45,203,716565423,95.58239967423722
-235,34,205,716566520,95.57880671116733
-208,37,206,716571905,95.56129240815865
-205,31,215,716573561,95.55566456791402
-185,42,211,716580224,95.53374575017497
-179,38,208,716580759,95.5320085891239
-181,37,207,716581309,95.53022844930742
-181,36,209,716581844,95.52847950846024
-165,31,213,716587889,95.50839404043947
-168,21,216,716588425,95.50657449743632
-149,44,222,716597629,95.47519620606893
-154,48,222,716598240,95.47311544719058
-158,48,217,716598775,95.47133129742646
-155,46,220,716599316,95.46950204268568
-140,42,218,716604857,95.45097642413089
-141,46,220,716605450,95.44898087387617
-180,22,226,716614608,95.41641103170659
-185,18,230,716615153,95.41443174460291
-198,21,238,716616248,95.41031466094634
-193,27,209,716623962,95.38482870741062
-194,22,210,716625073,95.38112708856556
-219,25,202,716640585,95.3309760789936
-228,25,215,716641132,95.32909500245479
-231,27,225,716641666,95.32717898163581
-231,31,225,716642225,95.3251785117002
-229,12,212,716647856,95.30588983345096
-237,18,213,716648410,95.30398653537397
-233,39,202,716657631,95.27433002899642
-229,40,202,716658220,95.27243977643755
-227,44,200,716658755,95.27074516858642
-228,43,201,716659313,95.26896736627435
-229,52,180,716664884,95.2530891639835
-223,52,189,716665513,95.2512155867283
-211,55,187,716674605,95.22459607097848
-213,59,183,716675158,95.22301420300394
-213,55,183,716676244,95.21989747911648
-200,50,181,716684559,95.19631038004952
-193,53,183,716685116,95.19472196989514
-191,57,191,716685651,95.19313816675978
-206,61,177,716691410,95.17725741645464
-213,54,185,716699939,95.15250345336369
-212,63,184,716700503,95.15088759095961
-216,63,176,716701064,95.14934526755688
-219,61,170,716701599,95.14791836220047
-203,50,156,716707412,95.1335947401758
-199,65,134,716715202,95.11728764259536
-203,63,135,716715737,95.11615470235982
-205,56,141,716716298,95.11490556559141
-205,50,144,716716833,95.11368263858124
-181,62,126,716722867,95.10185917848361
-188,64,133,716723403,95.10075069628985
-198,62,142,716732608,95.08031960408665
-202,61,140,716733220,95.07897540887886
-207,63,141,716733755,95.07779174722414
-202,63,142,716734302,95.0765764328575
-191,71,133,716739865,95.06514426944015
-186,64,134,716740493,95.06383751858348
-181,70,121,716749562,95.04691975723671
-177,81,114,716751211,95.04406744961352
-226,76,103,716765583,95.02061298400358
-231,68,99,716766131,95.01973822309166
-230,54,94,716766666,95.01890745346782
-228,48,91,716767225,95.01805803178797
-254,59,75,716774113,95.00922321583162
-259,68,73,716774648,95.0085613786286
-257,71,73,716775198,95.00788611862379
-254,72,71,716775733,95.0072484581243
-256,55,59,716783534,94.99902945934791
-255,57,57,716784092,94.99846162018927
-205,71,41,716793558,94.99195717150421
-193,77,34,716801394,94.9876153530047
-149,74,34,716816555,94.97986757601922
-139,82,29,716817113,94.97964125263478
-136,79,29,716817648,94.97942231447277
-133,75,30,716818197,94.9791861040172
-127,62,28,716823953,94.97674626970716
-127,64,19,716824589,94.97656579145729
-176,52,21,716833577,94.97298932619702
-177,54,23,716834131,94.97275419095607
-174,57,17,716834666,94.97258100912214
-168,55,12,716835218,94.97244501968298
-211,64,-2,716842419,94.97198680030284
-249,44,1,716851558,94.97016743245437
-249,44,-1,716852107,94.97007467418372
-278,59,-9,716861562,94.96963650703576
-278,64,-9,716862116,94.96961737831633
-269,59,-12,716863211,94.96962735380757
-237,62,-30,716871612,94.9723438696527
-236,60,-28,716872171,94.97250583087197
-233,62,-27,716872706,94.97265712834158
-220,77,-24,716879408,94.974585066359
-158,74,-20,716895062,94.979139601446
-154,74,-26,716895596,94.97934560313561
-153,70,-26,716896157,94.97955739103841
-151,61,-22,716896692,94.97971708536511
-135,64,-16,716902890,94.98116432746886
-129,67,-16,716903426,94.98129693157705
-151,59,-19,716912633,94.98358677390922
-153,57,-14,716913218,94.983684195757
-152,54,-22,716914314,94.98399213433893
-195,66,-14,716930559,94.9862636256812
-195,70,-18,716931117,94.98638046668722
-198,67,-17,716931652,94.98647884553694
-202,68,-12,716932210,94.98653825352721
-182,48,1,716940119,94.9856423785942
-187,51,5,716940654,94.98555030979604
-187,58,7,716941212,94.98544666986355
-182,59,6,716941747,94.98535965487096
-155,54,10,716954391,94.98278322272932
-145,78,15,716962078,94.98116011567349
-142,85,15,716962613,94.98105779413393
-146,87,11,716963173,94.98098446240348
-153,91,11,716963708,94.98091516107304
-160,80,22,716970411,94.97871099825275
-180,67,29,716979593,94.97423466772094
-169,63,28,716980171,94.97396340378992
-159,61,34,716980766,94.97363445820355
-160,64,34,716981311,94.97333637823591
-178,54,32,716986872,94.97021711094548
-182,56,32,716987409,94.96991597115286
-218,72,48,716996562,94.96254844305503
-216,70,52,716997125,94.96206003434487
-234,57,51,717007647,94.95255269541036
-153,93,48,717027574,94.93897523830336
-153,93,49,717028131,94.93858737250598
-147,86,49,717028666,94.93820967607985
-135,77,53,717029216,94.93778418005678
-144,69,49,717037179,94.93187133866344
-141,64,43,717037713,94.93151856776777
-141,63,44,717038263,94.93114566076156
-140,65,44,717038798,94.93078605583133
-123,53,53,717044888,94.9258144914304
-118,52,46,717045424,94.9254351790085
-140,60,56,717054603,94.91750135391567
-155,63,50,717055184,94.91704575920363
-166,64,51,717055788,94.91655687094936
-182,69,56,717056323,94.9160801144582
-200,63,56,717061853,94.9109601178211
-204,63,59,717062410,94.91041673417888
-237,55,71,717071564,94.89931643681177
-245,56,71,717072106,94.8986555286503
-249,52,54,717073201,94.89758496634894
-233,47,62,717081581,94.88843825151041
-223,45,63,717082137,94.887826756712
-223,47,61,717082672,94.88725697236517
-229,50,67,717089397,94.87948929701963
-230,39,85,717098016,94.86696751395866
-221,35,90,717098551,94.8661504892796
-214,29,89,717099114,94.8652957212726
-213,30,88,717099648,94.86449488115407
-190,29,76,717105859,94.85644979346796
-191,31,78,717106416,94.85571354512501
-185,39,73,717114502,94.84584117949542
-210,35,98,717131554,94.81796251168225
-209,39,94,717132111,94.8170912545853
-210,40,99,717132646,94.81621482111122
-213,36,106,717133197,94.81524708814426
-219,36,89,717141578,94.80261302181093
-221,37,81,717142135,94.80184042960751
-220,37,78,717142670,94.80112310627669
-186,60,99,717148408,94.79215043422617
-183,46,105,717163018,94.76755491659898
-189,40,106,717163553,94.7666349939551
-193,41,103,717164116,94.76569108085505
-199,43,103,717164651,94.76479295915723
-196,45,103,717179333,94.740265246453
-187,62,71,717188585,94.7297273061166
-187,53,67,717189131,94.72912670861571
-191,48,74,717189666,94.7284731410421
-193,53,80,717190253,94.72770863508534
-192,60,83,717194848,94.72159770477869
-195,61,73,717195405,94.72094012614009
-221,60,90,717204608,94.7074268565048
-226,64,90,717205176,94.7065949324243
-229,65,90,717205768,94.70572721996857
-232,63,95,717206304,94.70489691850442
-220,54,92,717214629,94.69231454379536
-226,54,100,717216270,94.68962563560757
-235,50,88,717220865,94.68283532678035
-241,47,90,717221495,94.68187662858097
-175,56,72,717230575,94.67139420811543
-181,86,71,717232218,94.66962682108057
-171,76,86,717240555,94.65867687149805
-170,82,83,717241111,94.6579801905087
-179,76,83,717242206,94.65658141671565
-164,70,75,717260551,94.63541043591263
-160,72,73,717261107,94.63479068436509
-153,81,55,717262194,94.63390507724114
-147,96,61,717270552,94.62669409982985
-139,92,68,717271110,94.62615378952415
-139,88,73,717271645,94.62559047588852
-150,88,70,717278410,94.61868779444082
-150,87,77,717293574,94.60158386811102
-155,83,73,717294120,94.60099261657888
-157,76,72,717294655,94.6004112639975
-155,76,66,717295240,94.59982971004905
-156,82,41,717308326,94.59191185699656
-226,60,56,717323573,94.57723432594803
-233,63,55,717324117,94.57671833352163
-238,65,48,717324652,94.57626667257439
-236,66,43,717325213,94.57583785721349
-224,48,56,717330864,94.57025090935568
-221,49,58,717331401,94.56970695361954
-202,56,50,717336817,94.56507952045028
-202,57,53,717337382,94.56457262415903
-205,64,51,717338479,94.56363579659556
-219,78,35,717345880,94.55922259617716
-213,77,35,717346416,94.5589053919782
-209,75,40,717346951,94.5585484656441
-224,71,42,717351832,94.55501562471252
-217,65,37,717353482,94.55393528400873
-218,59,39,717361580,94.54826567331382
-221,62,41,717362135,94.54786243926489
-222,62,48,717362701,94.54739097683172
-218,54,49,717363311,94.54686496232213
-183,68,51,717368858,94.54231952352595
-174,67,55,717369415,94.54183399116647
-165,75,32,717378539,94.53730293928935
-161,67,34,717380183,94.53641354801
-154,60,38,717385877,94.53294206497957
-156,66,34,717386495,94.53260981283131
-128,81,45,717395552,94.52685272518643
-139,88,38,717397203,94.52598370738107
-130,50,37,717405070,94.52133618434172
-131,45,39,717405605,94.52099711880886
-134,51,39,717406162,94.52065009874346
-136,60,39,717406697,94.52032694149753
-143,71,31,717412864,94.5174549065679
-139,67,29,717413400,94.51721880246586
-188,40,26,717421235,94.51318163182056
-192,43,35,717421770,94.51283489066655
-189,44,36,717422308,94.51248123358745
-187,38,35,717422915,94.51208412966713
-211,30,37,717428885,94.50772204305594
-213,34,37,717429421,94.50733424805446
-243,30,29,717438610,94.50138935807344
-240,31,31,717439174,94.50101079604353
-249,22,36,717440268,94.50015970739784
-223,34,32,717448582,94.49467511743579
-223,32,36,717449140,94.49427081906548
-229,28,36,717449675,94.49387446023583
-237,27,37,717450234,94.49344547573783
-229,38,29,717457407,94.48905590100082
-192,32,36,717466587,94.4827306751095
-191,29,29,717467144,94.4824022321517
-188,31,21,717467703,94.48214442863728
-184,33,20,717468313,94.48187795234807
-196,50,26,717472861,94.47960062638889
-198,51,28,717473397,94.47931614791737
-190,72,35,717482593,94.47400704178602
-184,73,36,717483184,94.47366240856408
-183,71,37,717483719,94.47334047318573
-182,68,42,717484274,94.47296147413829
-172,62,35,717489859,94.4697205142734
-167,57,40,717490477,94.46931166779783
-162,70,39,717499578,94.46375900954511
-171,63,37,717500133,94.463422202575
-166,56,40,717501229,94.46269580793745
-151,78,27,717509564,94.45937748732433
-147,83,32,717510121,94.45912298815757
-140,79,33,717510656,94.45886973706402
-140,73,33,717511216,94.45859672001126
-159,86,24,717517403,94.45647303626328
-186,85,36,717526584,94.4513589172624
-185,83,39,717527143,94.45102031706864
-188,81,42,717527702,94.45065193201964
-188,88,39,717528312,94.45028754854324
-175,76,41,717533866,94.44672813004226
-180,73,43,717534402,94.44636162880605
-173,63,24,717543589,94.4425616943188
-177,64,28,717544161,94.44228942311588
-184,68,33,717545256,94.4416874260038
-192,74,15,717553594,94.43940239380869
-195,71,18,717554150,94.43921908165538
-196,70,22,717554685,94.43900863085308
-203,69,27,717555236,94.43874472824048
-209,70,34,717562415,94.434518153192
-222,44,35,717570187,94.42923226743446
-218,54,34,717570722,94.42889154730847
-217,54,31,717571279,94.42856258618035
-216,51,24,717571814,94.42829976301817
-213,55,21,717577871,94.42567558070262
-211,53,20,717578408,94.42544969804287
-198,59,27,717586242,94.42155739926987
-200,62,21,717586777,94.42134242917388
-188,62,19,717587313,94.42115054947388
-183,57,19,717587916,94.42093101758906
-165,63,13,717593861,94.4195100046003
-160,61,12,717594397,94.4193904891184
-144,70,26,717603588,94.41577005888199
-146,66,31,717604160,94.41549502232306
-160,65,42,717605253,94.41476852192956
-147,49,30,717613590,94.41054083270966
-144,47,36,717614146,94.41020801083353
-147,43,43,717614681,94.40982453708091
-142,66,26,717621405,94.40712840841908
-193,66,28,717630566,94.40264307121764
-193,63,31,717631124,94.40234073320973
-191,61,26,717631658,94.40209025415955
-188,58,22,717632217,94.40185963595562
-204,61,40,717637869,94.39793409687118
-214,69,32,717638405,94.39763029674047
-252,56,38,717646262,94.39188381127589
-257,58,37,717646796,94.39150075809532
-246,78,41,717647889,94.3907164432228
-226,55,29,717665019,94.38097796084578
-226,59,32,717665554,94.38065473791082
-229,59,34,717666103,94.3803046554944
-228,60,35,717666638,94.37995733221517
-163,67,56,717680553,94.36779617361069
-160,63,61,717681110,94.36726415228769
-154,63,67,717681645,94.36670855090824
-149,70,67,717682204,94.36614048137415
-146,91,51,717690562,94.36010191626593
-143,87,50,717691120,94.3597038171384
-138,87,46,717691655,94.35935738234446
-134,84,37,717692214,94.35906967035126
-151,75,47,717697396,94.35541188541802
-152,84,27,717706236,94.35200927094382
-148,84,36,717706771,94.3517333983077
-149,80,41,717707309,94.3514098143898
-187,67,42,717714391,94.34651691647261
-218,71,11,717729588,94.34270549870907
-220,72,10,717730167,94.34256904081894
-223,73,8,717730727,94.3424533031295
-230,72,11,717731281,94.34230805210136
-222,71,18,717736866,94.34029385884403
-225,60,17,717737403,94.34009244800481
-224,61,26,717746569,94.33544623372103
-229,62,28,717747118,94.33514959208092
-214,62,33,717748213,94.33449441535481
-179,78,31,717756597,94.33038378574047
-183,68,28,717757151,94.33012151278146
-188,58,27,717757686,94.32986055733471
-174,67,19,717764413,94.32763987674586
-153,61,15,717772069,94.32564875582158
-155,65,12,717772604,94.32553759828005
-159,64,13,717773164,94.32540893107536
-168,54,16,717773699,94.32524368612866
-193,48,29,717779867,94.32186826762798
-189,44,29,717780403,94.32157232903768
-209,34,19,717788510,94.31793767855683
-209,33,15,717789066,94.31772054084345
-213,32,16,717789601,94.3174998381551
-216,32,15,717790188,94.3172644923737
-230,39,29,717795855,94.31380213795273
-231,43,31,717796391,94.31346299907659
-197,53,26,717802845,94.31026912074198
-199,58,31,717803402,94.30995690378062
-198,54,29,717804499,94.30936587624565
-204,47,23,717812575,94.30555426990676
-207,59,26,717813175,94.30525897984553
-203,61,30,717813766,94.30493807360439
-189,52,29,717818874,94.3022146627108
-187,53,35,717819410,94.30188301734502
-188,71,37,717820583,94.30117052785864
-173,69,26,717824857,94.29933488548423
-168,69,25,717825404,94.29911132046938
-161,59,33,717832755,94.29510773964407
-166,59,38,717840557,94.29022716786602
-164,61,35,717841113,94.28990835599267
-167,63,28,717841648,94.28965859474619
-171,63,25,717842206,94.28942070802746
-176,62,35,717847857,94.28611590700443
-175,63,32,717848394,94.28582797631093
-197,35,45,717857597,94.27825204695658
-204,42,48,717858183,94.27774820376818
-208,48,47,717858718,94.27730138985338
-235,43,23,717865414,94.27383907168135
-225,38,37,717876795,94.26555457059771
-227,37,30,717877331,94.26521834165928
-225,37,25,717877866,94.26492420041792
-222,39,19,717878403,94.26468180605512
-219,33,21,717884877,94.26149538825531
-223,36,22,717885413,94.26122485615358
-228,61,14,717893520,94.25854077169943
-229,64,13,717894079,94.25836742851303
-228,62,15,717894614,94.25818352329705
-228,59,17,717895209,94.25795688128186
-231,67,24,717899859,94.25576797226782
-233,65,24,717900395,94.25551190135795
-225,47,18,717908505,94.25209909584913
-220,52,9,717909063,94.25194960527757
-211,59,6,717909598,94.25184478161663
-204,61,10,717910190,94.25170072606083
-209,61,24,717914874,94.24954780833875
-206,64,24,717915411,94.24930663740501
-171,81,13,717923319,94.24769832237705
-180,84,17,717923854,94.24755559636127
-178,88,20,717924936,94.24723082565488
-174,82,26,717929407,94.24544256770953
-180,82,30,717937791,94.24152719993398
-173,78,14,717944905,94.23990679263389
-175,100,16,717960034,94.23675757142276
-179,100,15,717960569,94.23665181096425
-179,93,16,717961128,94.23652365043625
-179,94,14,717961663,94.236418349679
-173,86,18,717967852,94.23475346896227
-179,92,10,717968409,94.23467472005174
-184,102,22,717977597,94.23188222564275
-179,95,20,717978206,94.23170886660961
-173,86,18,717978741,94.23156495540422
-175,90,22,717979287,94.23138915433597
-177,94,20,717984850,94.22980522414085
-181,98,19,717985437,94.22964978633973
-181,103,12,717994600,94.22829656666345
-177,106,17,717995147,94.22818104959264
-171,100,20,717996242,94.22789237891645
-185,86,24,718004556,94.2247917113835
-183,87,23,718005113,94.22459495434695
-181,85,26,718005648,94.22438052345001
-180,79,29,718006206,94.22412441185635
-176,62,27,718012396,94.22124873424788
-188,60,21,718021575,94.21764313544095
-204,59,29,718022133,94.21734526805767
-226,63,31,718022684,94.21702590028771
-232,70,27,718023298,94.21671291031895
-220,61,34,718028856,94.21325255619658
-216,67,33,718029392,94.21293697892544
-189,78,26,718045438,94.20609279484144
-186,59,25,718056785,94.20095206603176
-188,59,27,718057322,94.2006913987064
-189,59,28,718057857,94.20042304397691
-191,60,29,718058403,94.20014100327107
-173,54,23,718064867,94.19742661438492
-171,54,26,718065403,94.19717858180296
-141,65,17,718073512,94.195013681165
-141,65,15,718074068,94.19488197787503
-140,63,13,718074603,94.19476942009602
-137,58,12,718075191,94.19464961285982
-155,54,30,718080857,94.19179086186348
-155,53,28,718081393,94.19153528190735
-179,58,26,718086813,94.18902896270464
-178,63,27,718087377,94.18876700541529
-173,61,22,718088474,94.18834106736625
-184,47,23,718096543,94.18471727306675
-180,48,17,718097100,94.18452125991676
-178,43,16,718097662,94.1843265703986
-227,43,30,718106617,94.17883566112657
-234,47,34,718107189,94.17845135536865
-230,49,33,718108286,94.1777410514202
-245,33,16,718116576,94.17403617882398
-248,35,15,718117134,94.17379593490091
-245,35,13,718117669,94.17358352767266
-236,35,-5,718124393,94.17280367333193
-240,56,10,718133554,94.17008808059985
-234,57,8,718134110,94.16994513896876
-233,56,-1,718134645,94.16987935948265
-233,55,0,718135238,94.1697961293377
-240,56,9,718140855,94.16821578421765
-234,50,12,718141391,94.16803688505675
-225,54,12,718146809,94.16633565467524
-230,53,23,718147373,94.16606069702189
-165,53,14,718157662,94.16320326038027
-188,60,8,718172554,94.16026537126574
-193,67,7,718173143,94.16016440254953
-195,71,14,718173678,94.16002019998271
-185,66,16,718174227,94.1598555141322
-207,52,28,718179855,94.15682341255246
-214,53,29,718180440,94.1564961345608
-206,54,14,718189577,94.1535510790834
-206,54,12,718190131,94.15338917814374
-198,71,17,718191225,94.153041178072
-200,43,17,718199561,94.14981889136286
-199,45,17,718200118,94.14960685519202
-201,52,13,718200653,94.14944300009591
-205,54,6,718201205,94.14933212913716
-233,62,7,718207401,94.14791276813698
-215,52,11,718216582,94.14522994233212
-209,54,13,718217138,94.14505719743778
-214,55,12,718217688,94.14489273717439
-218,57,12,718218318,94.1447044440927
-216,63,16,718223863,94.14280486014394
-210,61,16,718224399,94.14262239365213
-213,73,21,718233568,94.13903985046709
-206,78,16,718234137,94.13887159624713
-208,68,7,718235231,94.13866785338648
-195,75,5,718243591,94.1376249462486
-200,71,-1,718244147,94.13759732764497
-211,57,-1,718245233,94.13749381843303
-221,72,17,718263562,94.13122432604044
-220,68,14,718264114,94.1310558487552
-214,58,5,718264649,94.13095602403433
-207,54,4,718265207,94.1308594985925
-210,65,8,718270912,94.12965793472065
-204,62,7,718271538,94.12953536729394
-182,59,5,718280577,94.12820078798333
-182,59,14,718281134,94.12804315211723
-181,56,11,718282228,94.1277764098154
-181,64,8,718289131,94.12653508270029
-180,63,9,718289666,94.12643017984455
-177,66,12,718290223,94.1263016847522
-166,63,11,718290758,94.12618925351289
-158,82,3,718297864,94.12593459651552
-149,74,3,718298400,94.12591078881161
-170,73,-13,718306238,94.12724207654618
-167,72,-8,718306773,94.1272932890348
-162,75,-8,718307311,94.12735167683503
-151,73,-4,718307921,94.12738597751226
-176,68,10,718312852,94.12642574437211
-176,56,9,718313406,94.12631049770083
-190,75,7,718322601,94.12493950655214
-204,68,9,718323210,94.12481056497053
-214,57,4,718323745,94.1247175065172
-219,53,-2,718324307,94.12466194423463
-219,72,2,718328843,94.1241441259953
-227,83,4,718329398,94.12407341277446
-239,67,4,718338595,94.12242815609011
-237,67,-1,718339161,94.12237077355314
-233,62,-3,718340256,94.12228478470254
-232,66,-3,718348570,94.12172000971249
-230,65,-4,718349126,94.12169056887886
-238,62,-2,718349661,94.121637473383
-246,65,-2,718350220,94.12158084718196
-243,39,12,718357866,94.11875371062693
-243,42,13,718358402,94.11855126590068
-211,42,10,718367600,94.11582833600511
-207,52,8,718368187,94.11568874331276
-205,58,5,718368722,94.11559444534507
-207,70,10,718369278,94.1154690898581
-191,70,4,718374863,94.11481593172661
-191,67,6,718375440,94.11472701501349
-181,61,14,718384582,94.11219326445037
-181,62,13,718385137,94.11204910007008
-179,55,10,718386231,94.11179873769572
-181,55,13,718394569,94.10949532635833
-178,60,17,718395115,94.10931994970763
-175,60,23,718395650,94.10910165880836
-177,63,22,718396211,94.10888388328628
-172,64,8,718402407,94.10783335179235
-172,48,6,718411588,94.10620664192983
-175,57,3,718412146,94.10614288227339
-180,63,2,718412710,94.1060916746708
-187,60,2,718413296,94.10602963543818
-196,59,0,718418869,94.10553679353653
-201,58,0,718419405,94.10548506572127
-216,68,-3,718428591,94.1050721282822
-222,69,-1,718429166,94.10502639967451
-224,58,-2,718430251,94.10492582183919
-207,88,-3,718438597,94.10503001062847
-203,81,-6,718439144,94.10505499828432
-199,73,-9,718439679,94.10509593449584
-198,66,-9,718440239,94.10513018378421
-193,67,-4,718447861,94.10508462358783
-191,70,-8,718448397,94.10511868149487
-224,70,-16,718456254,94.10626729571912
-231,74,-12,718456789,94.10631409263873
-235,77,-11,718457351,94.10635620624217
-235,73,-13,718457926,94.10641117284419
-236,52,-22,718463849,94.10747941349055
-230,57,-20,718464386,94.10757011876703
-222,64,-6,718473570,94.1074228170016
-222,67,-8,718474146,94.10743498067183
-224,72,-12,718475242,94.10753447286693
-203,67,-17,718483580,94.1090199855622
-203,68,-17,718484134,94.10911999242322
-201,69,-11,718484669,94.10917076640206
-199,67,-7,718485230,94.10918889272237
-192,60,-12,718492400,94.10989885527512
-168,61,4,718501584,94.10887101100825
-165,58,3,718502140,94.10881512643948
-163,55,5,718502690,94.10874066971319
-160,55,3,718503298,94.10867873302955
-148,48,4,718508865,94.10801241584734
-147,46,3,718509401,94.10795441794302
-155,52,-1,718518569,94.10755992653986
-162,50,3,718519138,94.10749398603366
-162,54,7,718520225,94.10731286007197
-193,44,3,718528593,94.10592847513333
-200,45,1,718529140,94.10585134934902
-205,38,6,718529675,94.1057238037154
-213,28,13,718530235,94.10551302873776
-217,40,10,718537406,94.10330748761382
-243,33,17,718545228,94.0997170455214
-244,32,14,718545763,94.09949375661157
-249,36,11,718546299,94.09929622100903
-255,43,10,718546834,94.09911224650392
-269,36,21,718552401,94.09609624158728
-237,40,5,718561241,94.09384131411908
-231,48,3,718561776,94.09373467804237
-234,48,7,718562314,94.09359323185863
-238,47,11,718562924,94.09339193538919
-220,43,19,718567853,94.0912272684061
-219,44,21,718568390,94.0909771574381
-209,53,18,718577601,94.08740273334423
-202,50,26,718578172,94.08711297999159
-199,44,19,718579308,94.08664401228584
-178,61,15,718587537,94.08426796530685
-177,66,14,718588095,94.08412243427637
-175,63,16,718588630,94.08396425832547
-169,57,23,718597615,94.08029668320795
-166,57,29,718598161,94.08002640930043
-164,64,26,718598696,94.07979574541434
-161,68,19,718599256,94.07962045078303
-150,69,24,718604841,94.07753553515563
-147,70,21,718605398,94.07735596361744
-159,69,7,718613516,94.07631796616593
-160,71,8,718614073,94.07624035464178
-164,70,9,718614608,94.0761540567694
-169,69,15,718615192,94.076002437134
-180,84,12,718620861,94.07491507196215
-184,87,12,718621398,94.0748134038765
-195,85,19,718628478,94.07260518549825
-195,82,13,718646527,94.06847751776611
-194,84,14,718647085,94.06834477967358
-195,80,21,718647620,94.06815553762253
-190,81,24,718648180,94.06793669862179
-215,80,18,718653900,94.0660408565451
-214,80,21,718654497,94.0658167312608
-229,68,21,718663077,94.06220660596085
-215,57,16,718664705,94.06162796665824
-233,82,13,718678021,94.05800556683234
-229,81,11,718678556,94.05787731891891
-230,77,8,718679119,94.05776183045141
-226,65,2,718679653,94.05768785700204
-225,74,23,718693053,94.05189773391908
-218,69,19,718693588,94.0516967364149
-207,65,11,718694147,94.05155573632271
-200,61,6,718694681,94.05146044042492
-182,84,6,718708560,94.05001826074232
-173,84,6,718709117,94.04996609068117
-168,78,11,718709652,94.04987124226327
-171,70,15,718710203,94.0497281611531
-173,78,23,718729559,94.04269282467308
-173,79,25,718730113,94.0424761048154
-172,77,22,718730648,94.0422890522971
-167,75,16,718731208,94.04214435270909
-170,80,13,718745547,94.03920614502286
-171,82,15,718746105,94.03907701508011
-174,79,16,718746640,94.03893955656643
-178,71,18,718747198,94.0387663561151
-193,69,16,718755557,94.03624115133502
-194,69,16,718756115,94.03607194775252
-187,70,15,718756649,94.03592356570839
-186,70,18,718757208,94.03574364837866
-192,58,11,718763396,94.03418653269141
-221,53,14,718772604,94.03104171625702
-206,54,11,718773213,94.0308730397877
-202,53,10,718773748,94.03073408371236
-201,61,11,718774296,94.03059444570026
-216,54,14,718778852,94.02907513079435
-215,52,12,718779388,94.02891060286582
-235,58,11,718788559,94.02615433093138
-219,57,13,718790219,94.02563182549108
-203,59,10,718794812,94.02449857121856
-199,49,16,718795418,94.02428286638869
-208,65,17,718804570,94.02113817282891
-212,61,23,718805116,94.02089366915041
-196,59,16,718806212,94.02053305926947
-187,51,10,718814570,94.01846577703722
-185,43,13,718815126,94.01829397504056
-186,44,12,718815661,94.01813735891491
-178,43,10,718821399,94.01666898096556
-178,39,7,718829958,94.01478455761232
-171,36,10,718830521,94.01463571765245
-161,37,14,718831075,94.01446353350015
-155,37,11,718831609,94.014325311784
-162,46,8,718837402,94.01316366794558
-182,55,19,718846069,94.00997759888878
-181,53,17,718846604,94.00979511847285
-165,54,20,718847714,94.00938927135746
-158,41,26,718851857,94.00740704393515
-160,44,28,718852928,94.006867520851
-144,59,9,718860251,94.00566332639013
-145,51,12,718860786,94.00554054432415
-145,38,9,718861883,94.00530475952927
-178,43,18,718877779,93.99932470310915
-183,39,12,718878389,93.99914106025156
-187,38,7,718878924,93.99901653133433
-188,38,9,718879487,93.99886790535838
-207,36,11,718885918,93.99680695168895
-204,36,16,718886543,93.99656179764318
-254,39,24,718895563,93.99148698598073
-247,41,24,718896119,93.99118124819124
-235,41,11,718897213,93.99080859472167
-240,48,26,718905102,93.98642615044837
-240,54,25,718905637,93.9861445452601
-237,55,26,718906193,93.98584673317772
-235,52,20,718906728,93.98560590954357
-229,52,22,718912852,93.98270701923312
-225,53,19,718913388,93.98248119270544
-229,50,13,718921246,93.9797886033585
-229,50,10,718921781,93.97962943263644
-233,54,8,718922315,93.97948920100758
-234,60,9,718922927,93.97932719816582
-194,66,10,718928875,93.97801831604967
-193,68,10,718929411,93.9779034933205
-189,58,16,718938595,93.97493361120848
-190,56,13,718939164,93.97477196975491
-183,61,23,718940257,93.9743186024238
-182,52,14,718948573,93.97182896619022
-182,53,14,718949128,93.97166411400721
-185,55,17,718949663,93.97148173786228
-192,55,22,718950222,93.97124467109869
-195,58,23,718957393,93.9681215669709
-182,57,15,718966192,93.96545822603174
-180,60,17,718966727,93.96528518029301
-179,65,17,718967288,93.96511094565432
-192,69,14,718973385,93.96345923102048
-183,74,3,718986947,93.9623277137208
-186,75,9,718987510,93.96222932135727
-192,75,13,718988065,93.9620951318232
-195,73,3,718994402,93.96146476404031
-203,66,10,719003543,93.9593593551049
-199,72,8,719004099,93.95925838680334
-195,72,8,719004633,93.9591638509514
-193,66,5,719005221,93.95907935464943
-199,64,16,719009837,93.95759896540544
-198,65,10,719010392,93.95747299973807
-201,76,-8,719019607,93.95808292934034
-202,72,-6,719020185,93.95809771456634
-200,70,-2,719020782,93.95807562464663
-198,70,-1,719021345,93.95804760811933
-200,65,7,719025859,93.95721651050172
-196,73,11,719026396,93.95709785736452
-212,79,20,719031811,93.9551457060074
-213,78,22,719032375,93.95492344709818
-221,75,16,719033473,93.95457211225646
-214,55,6,719041545,93.95288923989635
-217,55,3,719042092,93.95279801748912
-221,57,4,719042648,93.9526970039533
-211,59,7,719047837,93.95160359706601
-207,67,4,719048386,93.95152549290667
-210,63,-10,719049484,93.95158647107662
-198,74,-1,719057560,93.95126037203069
-194,73,0,719058158,93.95122855349
-208,61,-10,719059346,93.951291672087
-204,58,-6,719067568,93.95121342850058
-208,60,-2,719068115,93.95117538236217
-221,68,6,719069210,93.95097176515871
-203,64,-23,719077570,93.953157292687
-204,63,-20,719078124,93.95327519286573
-202,56,-19,719078659,93.95337344177929
-194,51,-19,719079220,93.95347500279505
-183,67,-23,719084848,93.95511412431779
-179,64,-22,719085384,93.95526084142689
-173,77,-30,719093466,93.95874726714067
-170,80,-32,719094028,93.95901248694626
-162,77,-31,719094562,93.95925757201776
-159,72,-25,719095154,93.95947092851522
-163,66,-26,719100870,93.96151052093678
-165,60,-20,719101406,93.96164463880075
