gx,gy,gz,del_t,ang
-198,66,-3,0.0006705249272005439
-187,62,-8,0.0010207677153862157
-188,64,-11,0.001068328433934051
-183,67,-13,0.00110232725398523
-180,70,-12,0.001118091483976855
-187,76,2,0.00046788042182903687
-188,71,1,0.00044435617070735887
-188,81,4,0.002000309845210391
-185,77,2,0.0021093407108571153
-181,67,-13,0.0020951389573362345
-196,62,-16,0.0011996197260659852
-194,65,-15,0.0012302839730834725
-191,68,-5,0.0012464194647037643
-187,72,-12,0.002423748951129671
-181,60,-14,0.0024636783238184408
-185,58,-12,0.002477346898123763
-189,61,-12,0.002501106836442892
-192,62,-11,0.00276296295711284
-193,70,-13,0.002835425340399991
-181,58,1,0.002612597021071621
-184,62,-1,0.002630514152196375
-192,70,-4,0.0026195628769829444
-195,72,-5,0.0025978989495211453
-191,68,-15,0.0033917275400693362
-188,77,-13,0.003464534768851129
-180,62,3,0.0038092938479200506
-181,60,-1,0.003879317839978166
-195,67,-11,0.0038795899117340616
-195,70,-5,0.003437488218297096
-187,66,-3,0.0034548471476108203
-194,60,0,0.0033857562735087323
-182,71,-9,0.0045610387755520366
-189,73,-12,0.0046106644858519745
-194,72,-11,0.004622273118914671
-189,68,-8,0.004652742083760518
-189,73,0,0.004564531347563509
-192,77,1,0.004539310784324776
-188,69,-9,0.005188268578196738
-194,74,-3,0.005166878128321799
-192,66,-3,0.005129027539862441
-198,62,-1,0.004581893185036561
-191,68,5,0.004531073185620487
-183,71,6,0.004530877237504349
-200,74,-11,0.00446378108974267
-183,72,0,0.004899831279550548
-185,80,1,0.00494633656994902
-184,78,-2,0.005007120910615301
-182,72,-12,0.005118947120701001
-192,71,-2,0.005052647442699022
-194,76,2,0.005036714595161419
-202,67,-9,0.004512225949157703
-204,67,-7,0.004477442325829893
-198,62,-2,0.004355101294589519
-187,71,-11,0.005427326454245007
-189,73,-12,0.005507672550686353
-191,74,-7,0.005596445549182421
-181,70,-9,0.006761753390737189
-188,70,-7,0.006800558933195927
-193,67,-5,0.006794211161377896
-195,60,-4,0.006746026433170021
-185,58,-3,0.006599364555493346
-181,59,-4,0.006620193886126632
-186,58,-11,0.007435005434117163
-186,50,-11,0.007493586420572732
-189,48,-4,0.007481046677272361
-207,84,-8,0.0073055817998799654
-206,75,-5,0.007290920215084507
-202,67,-6,0.007256210919420925
-190,68,1,0.006748685961497219
-190,73,-4,0.00676723763340178
-192,78,-4,0.00679883965564498
-183,64,-13,0.0076203699651762125
-183,83,-3,0.008880516805710673
-192,76,-6,0.00892453884788303
-193,70,-3,0.008920313023597899
-191,66,1,0.008878188166035514
-181,65,-8,0.009298543912792834
-186,62,-10,0.009330718559112203
-186,66,-3,0.009436657495988508
-192,71,-8,0.009465794540715953
-192,70,-7,0.0094864114197094
-190,64,-3,0.009468391157947995
-190,58,-10,0.00952256412699587
-193,63,-3,0.009491107445251635
-191,67,2,0.008798995673918356
-176,70,4,0.0088336981627162
-173,80,2,0.009024399397649995
-184,58,4,0.008502600021567254
-193,55,6,0.00840498714009513
-187,58,-3,0.00839430700730442
-203,91,-5,0.00874724396918928
-199,93,-3,0.00883482296156641
-195,91,-3,0.008931670319978434
-192,85,-3,0.009016263324714537
-206,58,-5,0.007915030603564528
-204,58,-6,0.007827184275313717
-181,63,-6,0.008121778848441903
-187,62,-10,0.00814472708841485
-194,67,-6,0.008132116313129807
-194,62,6,0.006735480630470238
-194,56,1,0.006633826726337869
-194,54,-3,0.006543292929965874
-189,66,4,0.0061726471885030455
-187,64,-1,0.006160295817183581
-193,58,-13,0.006131877695579922
-196,41,-6,0.005237846419562626
-205,58,-8,0.005015639327232707
-178,53,-5,0.006002027033574086
-180,56,-7,0.00609332862208212
-183,60,-10,0.006182619648234313
-191,65,-8,0.006202956921646973
-186,68,-14,0.007040230740938523
-188,69,-8,0.007075578409864673
-194,72,-11,0.007401814545792344
-195,77,-14,0.0074489569946652205
-193,70,-11,0.007515671209656059
-197,66,-3,0.007205722115324497
-197,66,-3,0.007166570495333646
-194,66,-4,0.007147561877950066
-201,58,-6,0.0068829852526668235
-201,63,-10,0.006887979313498577
-194,57,-1,0.00662096018623473
-192,69,-1,0.006150991837346613
-195,68,0,0.0061032895153750825
-194,63,-1,0.006077963678357788
-192,64,-1,0.006056751122891826
-187,65,6,0.005531641556722153
-181,54,1,0.0055776135146406785
-185,83,6,0.004830926518627401
-184,78,9,0.004788909765134105
-189,66,7,0.004685561420242385
-181,66,13,0.004835105217724343
-182,70,13,0.004879614789520963
-192,60,8,0.004839528536539966
-192,60,25,0.009937705491691868
-192,63,22,0.010124965712411685
-195,64,17,0.010267998838430504
-193,71,12,0.010363247730757424
-198,56,15,0.012536381612431608
-201,63,14,0.012660029243019743
-200,77,19,0.012788201306850515
-187,76,9,0.013701073576710748
-184,77,10,0.01518735183952102
-189,72,11,0.01530109968031145
-194,67,13,0.01543308487563635
-192,68,18,0.015600203287738462
-179,66,17,0.018028100202085118
-206,57,5,0.019027273823213665
-207,63,2,0.019062518605417356
-199,69,4,0.019116871492330767
-197,72,8,0.019202972182775023
-181,68,2,0.01982693230728808
-187,67,-1,0.01985883655525362
-188,66,-1,0.02039253982708802
-188,70,4,0.020458422718525566
-191,76,4,0.02055724740812526
-190,77,10,0.02209564497652504
-192,75,5,0.022160288479010578
-191,72,-2,0.02217171871959153
-194,65,4,0.022957483342101247
-192,67,-10,0.02226932879743289
-182,73,-7,0.02225147021559263
-177,75,-5,0.022254596094139666
-179,72,3,0.022322586518555614
-184,65,-6,0.022297541803393946
-177,69,11,0.024753580682903217
-172,76,6,0.02486709117692691
-175,75,3,0.02495648621308147
-190,76,-2,0.024967262987670387
-177,68,4,0.025944738053558864
-183,71,6,0.026042645873913025
-195,70,9,0.027472576368231357
-187,65,7,0.027583947720002302
-182,60,7,0.027813917296823656
-187,80,6,0.02844442414743043
-185,76,7,0.028540266616210164
-180,70,10,0.02868776380896415
-185,61,21,0.03060195013280078
-184,61,18,0.030803985570555237
-191,69,3,0.03152353845889873
-199,56,2,0.03211539065710447
-204,55,-6,0.032085492925911216
-206,61,-7,0.03204060842093775
-199,68,1,0.03206683223572146
-192,67,-6,0.031887669361233
-194,67,-3,0.03189117486910359
-184,70,-10,0.03145215488011002
-184,74,-8,0.03142749374217457
-190,76,3,0.03153089535422496
-185,59,-5,0.03171384468512236
-190,66,1,0.03176030313200481
-191,76,3,0.03181129915894541
-192,72,-3,0.03182432498381931
-194,70,1,0.031855156478044724
-194,62,-1,0.03190290335856979
-195,61,-1,0.032081778351588555
-192,78,4,0.032236869602213614
-169,68,-7,0.03262501346705964
-171,73,-3,0.03268029116459649
-193,72,4,0.032788553761026774
-184,71,1,0.03362273150326293
-191,72,-2,0.033635062498204485
-173,74,1,0.035162669033732025
-172,72,2,0.035269956080983995
-177,66,1,0.03535276353021737
-197,61,-5,0.0351013383370485
-188,75,-17,0.03277092086527397
-191,69,-15,0.03268863809547253
-192,65,-12,0.032623231904407496
-191,67,-9,0.03258589443279253
-192,63,-4,0.03252592582632117
-197,65,-5,0.03249802358165949
-201,65,-3,0.03247210852635724
-200,66,-2,0.03245598884519182
-192,65,1,0.03299663489282786
-193,60,4,0.03305598803037042
-195,60,2,0.03309182887255045
-187,59,-3,0.033371260278417185
-193,63,-6,0.033079408332037104
-190,61,-9,0.033051023014600216
-184,65,-9,0.03303778376678646
-186,69,-12,0.03299263312628262
-193,62,-5,0.03288886492132096
-189,64,-5,0.03289108047862247
-188,69,-1,0.03340255824090287
-187,63,3,0.03348258139498926
-192,67,-2,0.033505529206995
-182,64,7,0.035269320560415277
-179,61,-5,0.035310096619846035
-187,68,-14,0.03518449349185923
-180,69,-3,0.03583381813976383
-181,62,-9,0.03583863507266488
-186,62,-9,0.0358249185334524
-192,67,-9,0.03578475041603678
-188,66,-7,0.035673263668361495
-191,62,-9,0.035642269511156156
-186,64,-3,0.03604359026248748
-187,63,-2,0.036078680258169564
-195,58,4,0.036187619224011425
-192,74,-11,0.035680665587836745
-185,70,-8,0.0356613761776079
-194,62,0,0.03603332797756715
-190,61,-3,0.036052213322410334
-190,61,-5,0.03605641537583174
-193,63,-6,0.036038562174761465
-182,60,-12,0.035893292154952516
-189,61,-12,0.03585277511076826
-193,80,-9,0.03482061292151489
-189,68,-12,0.034767747311312824
-187,63,-11,0.03470599882710884
-190,61,3,0.035643458773198994
-180,64,6,0.03576261219086479
-183,59,1,0.03583849684714118
-180,56,1,0.03700521361208661
-183,53,-7,0.03749413363750591
-190,53,-8,0.03749635624057273
-193,59,-8,0.0374744256588137
-188,64,-10,0.037451141420470846
-184,70,-9,0.03731797518936757
-185,65,-5,0.037703313674628626
-187,58,-10,0.03769729845067705
-189,55,-15,0.0376515035786496
-193,57,-17,0.03757071119219746
-199,69,-5,0.037094231340263635
-197,68,-3,0.03707264275767808
-189,68,-10,0.036495576371042726
-192,71,-8,0.03645333592323351
-197,71,5,0.03650417457259633
-195,65,-13,0.03536321609870282
-191,67,-16,0.03528078082339508
-191,67,-20,0.03517531993805583
-184,65,-1,0.03585862192387231
-176,72,-5,0.03660193887044933
-179,74,-6,0.036632333584658325
-188,75,-4,0.03663061415244911
-173,65,-13,0.0370532329011073
-189,64,1,0.03783315969215275
-185,67,-2,0.037876445214284536
-180,70,-1,0.03794346615447691
-179,68,2,0.03804230512622739
-184,69,1,0.03863727376933674
-190,67,-11,0.037982029069568754
-191,70,-8,0.03795039494443481
-186,72,-4,0.03796720905092939
-180,78,1,0.038036842348124954
-182,58,-2,0.03867840134187516
-180,67,-3,0.03874347871867628
-199,63,4,0.03896953211714424
-197,64,0,0.038969497550082395
-181,74,-9,0.03897833232750094
-193,74,6,0.03926555639215935
-196,71,10,0.039318684374659615
-189,74,9,0.03939441567112349
-197,58,-5,0.03917928129623791
-193,80,-2,0.03886713085657113
-192,78,3,0.03888476446303514
-190,70,2,0.03892255471945664
-192,63,0,0.038949907421432846
-192,71,-11,0.038313977300620916
-196,67,-6,0.03827626609962765
-188,63,-1,0.038967169328028725
-190,61,-6,0.038970574651307495
-197,67,-7,0.038917175418699206
-202,71,-7,0.03883423455761936
-186,64,-2,0.03927148876834657
-193,61,-3,0.03927977870146297
-189,62,-8,0.03918740063241229
-188,58,-4,0.039221951151523715
-178,63,6,0.039494678264688825
-182,62,-11,0.039603031797735506
-180,60,-8,0.039656379750239404
-200,74,-7,0.03831288208275065
-196,77,-10,0.038226983529090534
-189,76,-6,0.03818104171803682
-187,69,-3,0.03850795745152571
-187,75,-4,0.038510759002565544
-188,76,-6,0.038494275444859526
-183,75,-8,0.0384926663016004
-192,57,-6,0.03852492441696776
-190,66,0,0.038555720728785416
-199,74,-9,0.03729660484852158
-197,69,-11,0.03721888840443685
-188,69,-10,0.0371909528607599
-184,72,-7,0.037195860013591805
-191,80,13,0.03809995306254285
-197,82,15,0.03816454799890817
-178,54,-3,0.03977945199884769
-177,53,2,0.03993060776689738
-181,72,10,0.040185164093625166
-194,57,-5,0.04019090233153337
-200,53,-14,0.04011507552992835
-200,56,-9,0.04001544118600786
-181,63,-5,0.040829750641704486
-177,69,-1,0.0409152210628536
-178,79,2,0.040985992389145486
-190,83,7,0.041018497485052006
-173,65,-10,0.04166262465896993
-175,64,-10,0.04171839681790434
-185,75,-14,0.04117921667524837
-188,80,-15,0.041098362944218064
-189,63,-12,0.04078570706244499
-186,60,-13,0.04071178737214595
-183,53,-13,0.040745916442556034
-185,54,-8,0.04079160842217642
-187,60,-5,0.040827750782283206
-196,74,-8,0.04016149375817024
-182,86,-7,0.04000890890486818
-182,86,-9,0.039995539842949526
-184,79,-8,0.039990060915502515
-186,79,-7,0.039978055546554904
-185,67,1,0.04049010642319004
-190,70,-5,0.040483242472846716
-186,81,-16,0.039570641137615235
-184,79,-14,0.039539937095401156
-197,72,-12,0.03934273090395737
-185,68,-2,0.04000265446434364
-189,70,1,0.040035994424372105
-194,79,-1,0.03998654032280879
-205,73,-7,0.03823903868758339
-199,83,-2,0.03817275114213426
-192,84,2,0.038172145273903245
-186,79,-6,0.038210927990112845
-197,85,-7,0.03698785605804807
-193,82,-4,0.03696307008598863
-188,77,-4,0.036973559379831974
-186,73,-5,0.03699479587190286
-182,60,-5,0.03756208664701016
-179,61,-10,0.0376114242070893
-190,52,-5,0.037802993391970234
-184,61,-7,0.037836836533098675
-183,69,-10,0.03785357622145556
-183,72,-8,0.03787704611314265
-192,58,0,0.03813416043142871
-190,57,-7,0.03813639596443316
-184,77,-4,0.038663390304589124
-189,78,-4,0.03866300132297095
-189,73,-5,0.038662560942489745
-188,73,-12,0.0382342969924259
-191,78,-11,0.03818812412244299
-186,73,-9,0.03819114664133774
-193,68,9,0.03894468571581208
-189,65,7,0.03901548170555179
-184,67,0,0.03907811455569949
-183,70,-5,0.0391213371315062
-203,68,2,0.03862319108044743
-205,62,-8,0.03851689453652715
-186,69,-3,0.038910513388210874
-187,67,1,0.03896220306445009
-185,79,-5,0.03924475490220779
-184,77,-4,0.03986774977193895
-180,70,-3,0.03994313848676012
-183,65,-9,0.03996679985975699
-187,63,-12,0.0399494898637681
-197,73,-3,0.03956467211007136
-194,68,-4,0.0395431575692131
-185,60,-2,0.04011158920697298
-180,55,0,0.04020790107433219
-176,66,37,0.04398360065015081
-186,60,69,0.05132221862325512
-184,70,64,0.0517959625354119
-180,72,66,0.052287370815607886
-178,69,71,0.052848644480394745
-199,67,50,0.056094104065358676
-190,61,51,0.0564652114379685
-180,78,14,0.05933797521160579
-183,75,11,0.05948650776588648
-184,65,-2,0.059582539308203064
-186,68,2,0.06054899932935783
-185,69,0,0.06060459369403081
-189,65,-2,0.06064899403847583
-168,57,14,0.06424066515719527
-174,55,18,0.0644752673781505
-177,54,22,0.06471654424467616
-177,57,28,0.06500961780637837
-174,59,195,0.08019691405893604
-168,65,227,0.08193614965545033
26,27,1501,0.29114806345507743
42,29,1541,0.3046200274554128
54,34,1565,0.3187568914390857
59,37,1582,0.3323951838358205
-84,58,1001,0.40234650475395095
-93,50,879,0.4095825142570939
-118,68,574,0.4911326473704559
-121,57,538,0.49628744618849047
-122,54,512,0.5048828968682455
-64,46,923,0.6232300451117915
-62,36,957,0.6314553940108791
-30,28,1048,0.6491042795729003
-81,58,763,0.7474406874955097
-91,58,760,0.7539518452051084
-100,57,768,0.7602915335249907
-53,30,1034,0.8523400311164596
458,904,357,1.0337124503190516
451,889,370,1.0397559686324231
452,888,365,1.046101832154632
462,902,343,1.0520995890803615
412,794,557,1.2407614808646596
391,740,638,1.2488932895924483
368,700,701,1.257550585326157
342,669,750,1.2661575962360727
549,1003,239,1.4491032725921278
552,1015,220,1.4568799423301573
548,1032,197,1.4642650130781574
552,1049,176,1.4719540405492078
431,884,10,1.5578890368089315
412,867,17,1.563734380214547
403,855,22,1.569319002992496
395,842,18,1.574983051444143
166,521,-8,1.6090575420214253
165,520,-10,1.612307197256374
363,790,-54,1.6989855526259272
378,811,-54,1.7045719876010346
389,834,-63,1.7105978883479906
395,845,-68,1.7162402948209683
407,857,-70,1.776351928136491
404,849,-67,1.782359081023186
-186,67,34,1.7860572408513868
-191,69,38,1.7862885472657661
-186,79,40,1.7869061525703607
-171,66,98,1.7922911045018761
-165,74,112,1.793156056028287
-165,64,249,1.8172670588880246
-158,62,263,1.818862814023145
-157,67,284,1.8222963640981549
-157,71,263,1.8471865297473054
-150,76,282,1.849020491014764
-145,80,298,1.8509057362446324
-143,77,307,1.8529232176834087
-150,74,304,1.8727117813403769
-152,69,296,1.8745308584357212
-156,67,194,1.8957486384203015
-160,70,182,1.8969729109705487
-164,77,170,1.898202701274653
-171,84,159,1.899291439136256
-176,69,95,1.90575644635961
-184,70,86,1.9063206047373715
-173,76,107,1.9188164206455658
-178,73,113,1.9195681553876704
-181,75,114,1.9210715427072727
-171,79,133,1.9290146499349894
-157,76,143,1.930174024326436
-147,77,331,1.9659811402068927
-148,75,336,1.9682137480962245
-143,76,352,1.972857574963245
-125,69,604,2.0322983141787256
-128,68,635,2.0364698156810923
-128,71,653,2.0406077088844854
-131,71,669,2.0450317559738793
-116,48,733,2.0935881453423293
-120,60,725,2.09823689066268
-141,61,556,2.1596762924063975
-144,66,522,2.1632296279755883
-149,67,467,2.1666119813597664
-151,63,430,2.1694885032097426
-132,48,359,2.1945418160066934
-140,44,374,2.1971085244552504
-156,86,243,2.2268786991632283
-157,86,245,2.2286868484479325
-159,76,256,2.2323327897742886
-149,86,313,2.2659762386519313
-154,97,320,2.2682690015618263
-144,98,349,2.2733993924305405
-107,128,752,2.3496627612350536
-107,168,760,2.355476781127773
-108,230,759,2.361252076442262
-107,346,752,2.3675913066385736
-91,1667,728,2.4731760013502355
-56,2421,880,2.7411602877207164
-46,2413,902,2.75817077087534
-40,2400,921,2.7767716027947396
-33,2376,942,2.794711435096539
-61,2166,889,2.9253804808675734
-65,2150,877,2.940846880174509
-129,2384,535,3.1179125500910625
-128,2413,493,3.133221021325768
-118,2423,459,3.1637654206273798
-145,3209,486,3.4606416102989312
-144,3251,483,3.482640204704026
-136,3285,496,3.5058123600491844
-139,3530,802,3.9122807882223
-142,3569,805,3.938302731493436
-144,3648,744,3.990697590956161
-139,4195,522,4.439039730977756
-132,4213,520,4.469505011835535
-127,4221,553,4.499150923517653
-135,4228,601,4.530561487392541
-125,4541,689,4.908687737999494
-126,5674,741,5.62413164772969
-123,5633,728,5.66777422818351
-120,5589,708,5.715217514770713
-123,5520,682,5.759446668591132
-139,4946,635,6.144092717898299
-141,4943,621,6.181443219919266
-134,5745,576,6.92569716571281
-130,5760,581,6.9723211010253126
-124,5766,573,7.062137080908925
-139,5806,474,7.750836757332496
-143,5801,440,7.79690886780249
-149,5816,409,7.841285016271585
-142,5976,341,8.414636353454927
-150,6050,324,9.076121045966657
-158,6111,316,9.123161830511224
-163,6176,302,9.173263216612563
-163,6240,288,9.22135283541725
-727,3153,1144,9.549841520593475
-1124,3162,735,9.975180675808275
-1195,3400,602,10.002589810082009
-1264,3611,487,10.034180280817399
-1336,3846,375,10.065130265193856
-1767,4641,540,10.432368753399212
-1802,4619,628,10.468082846762984
-1945,4856,892,11.126615542214255
-1950,4894,880,11.167627612834025
-1970,4961,840,11.247978755345061
-293,213,846,11.296808954606266
-103,-229,799,11.296494951450263
2,-502,772,11.294056337948938
-483,656,-57,11.348365548859308
-215,2193,-362,11.60101539695232
-237,2399,-360,11.61840859309519
-248,2570,-347,11.637767448555675
-263,2742,-333,11.657873245949563
-214,4606,-75,12.069742543385978
-219,4752,-54,12.106497629486164
-206,6027,139,12.819087465599862
-84,6779,-896,14.460486603021836
-75,6809,-945,14.514569478049255
-67,6800,-1009,14.56655071127397
-60,6810,-1063,14.621076399799978
72,6890,-1431,15.0797399060413
74,6906,-1451,15.134983420538333
163,6830,-1792,16.017972393035695
155,6809,-1819,16.071092256187416
154,6852,-1854,16.177955862897853
195,7137,-1716,17.034699684082778
187,7175,-1709,17.09263964270566
184,7215,-1700,17.14855192688617
198,7650,-1688,17.79020231014066
245,8013,-1708,18.68609239482099
239,8057,-1722,18.74949622883717
238,8088,-1736,18.816375532582676
241,8112,-1748,18.88025159326997
247,8382,-1739,19.715642950817358
338,8593,-2031,20.884601043045524
357,8576,-2048,20.955736557860575
376,8561,-2058,21.032631890555063
386,8554,-2055,21.103135678997695
367,8418,-1991,21.801345171725586
367,8388,-1988,21.868462431812294
374,8177,-1794,22.993720278164375
356,8173,-1769,23.063744430565595
337,8153,-1737,23.196635741667947
251,8046,-1294,24.20701193804208
241,8040,-1251,24.273499376771483
227,8038,-1218,24.338282190572244
562,8114,-2043,25.16097818111926
620,8434,-2211,26.13367565989198
665,8462,-2277,26.202300593707022
706,8492,-2351,26.274423656440362
733,8517,-2457,26.343553053599667
1096,8418,-3218,27.209706177093206
-339,7048,622,28.18303717792685
-347,6994,673,28.241535065056194
-325,6988,643,28.305362127627244
-273,7040,521,28.364195510381883
165,8926,-409,29.1163856312648
161,9080,-410,29.190117248941732
-76,9864,81,30.561767096781743
-82,9833,80,30.646262696305005
-72,9774,82,30.808039776162225
-101,9691,201,32.03051337536481
-108,9700,205,32.11078056913259
-128,9709,206,32.189348786958774
-174,9802,238,33.18755624335013
-280,9777,411,34.46107470310178
-288,9767,437,34.54006072712974
-295,9758,459,34.62295374357295
-300,9762,483,34.701896102969044
-480,9651,770,35.60678999161798
-494,9627,795,35.68470718377297
-613,9290,971,36.58512718669685
-622,9269,974,36.66275918081514
-644,9214,994,36.81541399139053
-596,9017,933,38.06282133881946
-207,9067,298,39.29241707092515
-192,9070,266,39.37134408435029
-152,9085,210,39.5211045497402
-51,9166,60,40.629490881543866
-50,9170,62,40.70379750257197
-42,9172,56,40.78187481087561
17,9218,-46,41.62728134501102
261,9242,-393,42.694202805636756
277,9247,-415,42.76925879084639
293,9256,-438,42.8483267918894
502,9437,-720,43.892264643475166
303,9428,-457,45.20280188396101
287,9420,-435,45.28228665073386
264,9403,-401,45.370749125194685
241,9387,-364,45.4539223061151
31,9296,-100,46.23459922132907
16,9289,-81,46.31018098398382
-136,8985,92,47.561067365930924
-143,8966,92,47.640318732962136
-143,8938,93,47.788313161655765
-136,8626,87,48.87367677606488
-135,8595,85,48.94599134066665
-137,8554,89,49.01523955652208
-145,8089,79,49.838112387024076
-140,7650,67,50.83495660375144
-141,7628,61,50.89665419207878
-138,7611,63,50.961321261810255
-136,7585,66,51.0226704220685
-122,7302,65,51.70794632251701
-122,7277,61,51.76689999271194
-92,7102,59,52.45658104133755
-103,7097,53,52.51600296728161
-110,7113,57,52.634036653759736
-75,7386,30,53.533244091086395
-79,7419,29,53.598090035248056
-76,7456,26,53.66540584022879
-2,7724,-58,54.26731633179392
13,7763,-81,54.33182641659835
91,7892,-219,54.464862871069464
1435,8576,-1348,55.03474930632951
1666,8436,-1419,55.24576572171342
1511,8758,-1328,56.149753751362034
1466,8758,-1296,56.22126208496323
1407,8762,-1249,56.29304673855065
1359,8764,-1208,56.36469428742928
821,8572,-755,57.15077547793279
782,8547,-717,57.22065430472953
403,8271,-398,58.02687803557855
381,8255,-380,58.09668005633682
345,8217,-346,58.23360675181248
85,8127,-136,59.224645094770416
82,8113,-120,59.29566897220399
70,8100,-98,59.368656867771485
-41,7737,-10,60.406872969529
-33,7708,-9,60.47205289843424
-14,7641,-11,60.598515271899544
-77,7137,33,61.49772793728585
-87,7109,42,61.55745533869115
-100,7079,53,61.614675951497
-95,6683,62,62.19376898573626
-115,6226,73,62.909781239375306
-122,6234,77,62.96010179903232
-127,6238,78,63.01299387813129
-100,6096,69,63.590217840527544
-96,6313,67,64.41053878059822
-93,6318,66,64.46155970161196
-87,6330,64,64.51392346664873
-81,6344,62,64.56516197168936
-107,6672,54,65.19315953489807
-116,6705,60,65.2474294669254
-98,7057,69,65.9325342459627
-109,7078,72,65.99285019977984
-123,7171,75,66.70308956077349
-143,7019,66,67.61667051645762
-133,7009,72,67.67564406330096
-127,7021,76,67.73238860931352
-132,7006,74,67.79144303635
-140,6980,59,68.38744964177435
-149,6991,72,68.44404719767674
-155,7035,66,69.13017062848
-145,7049,64,69.18884268741489
-156,7182,93,69.89789671791902
-130,7544,64,70.88074270464294
-129,7559,65,70.94428044586728
-124,7591,66,71.00556670210305
-116,7613,66,71.06991311861051
-96,7742,57,71.7316086262176
-104,7758,62,71.79449851802451
-63,7818,48,72.55858228405303
-58,7825,49,72.62357851680383
103,7713,-48,73.38704906274562
634,7453,-234,74.3630835826606
636,7441,-232,74.42572809700569
636,7434,-238,74.48616755094572
638,7428,-237,74.54938103346207
579,7186,-195,75.16615705019593
542,7154,-177,75.224490589231
-87,6808,64,75.88903623800472
-132,6762,81,75.94489516014538
-257,6139,87,76.54964389248623
-853,5640,292,77.27748694273005
-947,5632,317,77.32426534758775
-1019,5625,347,77.36927260710392
-1091,5614,373,77.41609205426168
-1876,5506,623,77.87788687463284
-1905,5476,625,77.92152343040517
-1591,5226,494,78.63257295980917
-1568,5220,482,78.68010709121565
-1480,5200,445,78.76814576245356
-686,5173,193,79.41137633663753
-614,5172,162,79.45443993192828
-478,5164,113,79.53928976917267
-128,5531,34,80.23625362664113
-124,5560,41,80.28218857140051
-123,5591,41,80.32728716056592
-128,5622,36,80.37475677997534
-113,5897,48,80.87360930812652
-114,5883,45,80.9229577218532
-126,5928,34,81.74506857955403
-138,5910,44,81.79401464977201
-149,5927,58,81.84756874265258
-156,5913,66,81.89769185914207
-188,5898,49,82.39319138895485
-186,5887,48,82.44281749573024
-366,6055,100,83.2771148503439
-406,6117,115,83.32761464988695
-495,6245,135,83.4297561104036
-1274,6312,340,84.20036357229203
-1310,6322,349,84.2510671479209
-1383,6326,341,84.3577179960381
-1602,6588,374,85.06364273103212
-1607,6621,374,85.1167300176624
-1601,6612,377,85.17212527171742
-1602,6611,378,85.22513550606412
-1748,6689,382,85.78689911403544
-1733,6458,365,86.67654261782181
-1706,6490,355,86.72966774040405
-1671,6473,340,86.78926319372536
-1619,6412,324,86.84243897840221
-1523,6247,310,87.26679038730981
-1509,6253,309,87.31885311956773
-1283,5925,231,87.89105695303682
-1247,5893,238,87.94014980719471
-1307,5759,252,88.50579574861236
-1613,5443,278,89.20961099545315
-1618,5392,280,89.25442234506386
-1604,5326,276,89.29708439408583
-1603,5270,268,89.34055438515665
-1977,4862,317,89.75118382820186
-2029,4837,318,89.78994964045837
-2314,4537,323,90.22393316248227
-2369,4543,312,90.26149828445695
-2478,4538,309,90.33571580186903
-253,722,-475,90.41734829598799
-163,320,-241,90.41963299266618
-184,121,-46,90.42013160221006
-488,387,-46,90.44496457155473
-466,466,-75,90.4482895531917
-402,547,-109,90.4564752544873
-231,483,-133,90.48419103126307
-211,421,-117,90.49306317795576
-173,173,-44,90.50623248681443
-173,173,-46,90.50714292437388
-167,172,-45,90.50812953186814
-167,172,-43,90.50905265131058
-201,210,-62,90.52121801404475
-191,206,-63,90.52236568617074
-181,-144,83,90.49246354134284
-172,-185,104,90.4902332281493
-176,-264,135,90.48465539943994
-219,-51,56,90.4693636739074
-227,-56,57,90.46830022647727
-231,-69,50,90.46717165302074
-406,-147,93,90.44460415495388
-820,-125,135,90.41598907149094
-830,-124,136,90.41425821942971
-840,-128,136,90.41256219394194
-852,-131,142,90.41076533208944
-879,-141,145,90.39168126436977
-865,-140,145,90.38988277408758
-751,-116,117,90.37080061701258
-735,-124,115,90.36911857622383
-677,-161,103,90.3651496093613
-518,-125,82,90.34085409362487
-511,-123,74,90.3391238575214
-486,-122,59,90.33733727944957
-313,-129,46,90.32170967221501
-300,-132,40,90.32001927678373
-268,-134,32,90.31652169262485
-122,-195,11,90.29918556078073
-87,-254,-1,90.29120073995122
-121,-955,-13,90.1855112713682
-129,-1018,-12,90.17665736690608
-136,-1087,-16,90.16674739326085
-145,-1183,-17,90.15654580114878
-265,-1984,1,89.96974516654872
-288,-2035,-2,89.95250603475242
-843,-2861,48,89.66454217877028
-873,-2933,46,89.63905285020414
-959,-3108,62,89.58567046587099
-1619,-4122,141,89.0686914889867
-1655,-4201,140,89.03088199569123
-1668,-4281,140,88.99056806423947
-1679,-5004,144,88.42959296711483
-1636,-5076,145,88.38101578156744
-1569,-5175,163,88.28817980251274
-825,-5333,50,87.63894294878683
-733,-5348,42,87.59303471751097
-538,-5426,20,87.50194540532208
-228,-6151,-64,86.70810886166483
-175,-6137,-69,86.65624441339115
-105,-6127,-81,86.60579376252296
474,-6015,-182,86.07620474095168
481,-5732,-200,85.26629584271495
444,-5727,-197,85.21723692408452
402,-5730,-193,85.1700024827399
370,-5733,-188,85.11655622830925
128,-5672,-146,84.71430620783487
111,-5648,-148,84.6675341201664
72,-5481,-143,83.89130180132437
75,-5501,-142,83.84208309098246
79,-5523,-140,83.79207332755115
82,-5540,-135,83.74498683577816
48,-5745,-119,83.25212388056615
36,-5777,-124,83.20250434298376
-69,-6181,-99,82.3312865277618
-77,-6203,-106,82.27850970004886
-90,-6264,-105,82.17298740427572
-126,-6865,-83,81.28696754455706
-129,-6930,-82,81.2273099208247
-138,-6984,-83,81.16987969885123
-190,-7561,-79,80.38722212261038
-217,-7849,-64,79.46889946443545
-220,-7852,-62,79.40426357607353
-220,-7852,-65,79.3381787606029
-210,-7845,-71,79.2737242960422
-191,-7688,-57,78.53619595410193
-192,-7661,-58,78.47288669145037
79,-7196,-158,77.61073388614892
140,-7154,-174,77.55187180930372
187,-7122,-192,77.49043442744893
248,-7078,-229,77.42928330757941
1015,-6690,-537,76.8134217814283
1064,-6651,-553,76.75666019182297
1790,-6467,-794,75.85207347994204
1835,-6484,-829,75.79304187598555
1950,-6546,-919,75.68363609757503
2054,-7180,-990,74.77525602337187
2025,-7242,-979,74.71391771628254
1930,-7369,-944,74.59127907775638
305,-8466,-334,73.50940244617055
194,-8541,-294,73.43630329581158
62,-8628,-242,73.36546237692892
-38,-8699,-201,73.2920042136009
-411,-9822,-65,72.4377724557409
-400,-9915,-75,72.35597010858066
-500,-10903,-1,71.27437219432521
-528,-10972,20,71.18402604674566
-1045,-11723,294,70.00613514621628
-1488,-12390,584,68.35746881164732
-1500,-12409,595,68.25136825156619
-1516,-12436,610,68.14886406946016
-1526,-12459,618,68.04309741382664
-1383,-12473,578,66.95593303055536
-1366,-12452,568,66.85296907072139
-1205,-12041,501,65.6558858521283
-1179,-12008,478,65.55662999399274
-1136,-11947,433,65.35474820197555
-676,-11437,128,63.9433161170066
-648,-11405,109,63.841502871278195
-601,-11353,87,63.73720286361183
-293,-10703,-141,62.28039434202468
-287,-10675,-142,62.1914378915885
-262,-10615,-149,62.013394727566165
-248,-10291,-161,60.68958241041469
-241,-10273,-160,60.60334607319918
-231,-10260,-158,60.51910975917823
-249,-10223,-112,59.620454527619756
-209,-10200,-182,58.42931600188221
-209,-10212,-184,58.3454928974402
-210,-10228,-184,58.257302499838524
-201,-10248,-185,58.17318877598931
-211,-10546,-143,57.08159840887995
-280,-10867,-74,55.55053889995958
-282,-10876,-78,55.45775563103365
-277,-10879,-77,55.35526705664916
-274,-10873,-79,55.26051063315192
-309,-10657,-59,54.354079253945734
-306,-10618,-64,54.2667356270701
-352,-9671,7,52.90087869464963
-354,-9588,18,52.8172040092824
-371,-9446,35,52.65824515585553
-386,-8617,16,51.55353348554887
-364,-8589,-2,51.48010170695494
-347,-8569,-12,51.40961480195773
-325,-8623,-62,50.51821631424258
-441,-9301,22,49.208844350238685
-444,-9361,34,49.12854998890344
-447,-9404,41,49.05135607360074
-461,-9447,51,48.970028879127845
-503,-9810,94,48.1176530721825
-497,-9837,99,48.03659939415756
-433,-10087,35,47.0354555288038
-415,-10099,23,46.95060810683216
-372,-10111,-14,46.78030110134296
-45,-10232,-370,45.52389936156245
-25,-10234,-396,45.43289151291379
-4,-10236,-419,45.345486685438715
173,-10214,-625,44.536289363917334
182,-10206,-641,44.45071614699182
201,-10178,-674,44.2782203712039
197,-10088,-693,43.607583194301796
209,-10068,-731,43.35671927881358
395,-9989,-1028,42.32579301424557
413,-9968,-1056,42.24469265857388
431,-9949,-1072,42.15953113575419
440,-9933,-1084,42.0789006576666
382,-9502,-1030,41.217363930537665
384,-9456,-1029,41.140199849408475
427,-8948,-1121,40.267944024120396
430,-8896,-1127,40.19293521090411
429,-8810,-1135,40.04640298568559
379,-8295,-1055,39.03415119069669
359,-8266,-1031,38.96149185357703
335,-8230,-996,38.88700356842647
127,-8072,-757,38.25520052289201
109,-8081,-725,38.18920362268936
70,-8112,-645,38.04967592590346
-39,-8438,-468,37.494137551632186
-81,-8612,-429,37.278007060332065
-125,-9400,-326,36.30669293733925
-128,-9478,-327,36.229316767401855
-120,-9596,-332,36.150991674105875
-115,-9684,-336,36.072107005084646
-376,-10209,-27,35.13563059425506
-403,-10271,66,35.05113978574612
-591,-10417,371,33.58514019707111
-579,-10471,372,33.48652335499427
-615,-10532,404,33.303602547368136
-581,-10475,422,31.96859853081281
-575,-10485,429,31.87917580278467
-565,-10515,451,31.703693091114932
-434,-10311,342,30.41439872897052
-421,-10334,320,30.32960790945894
-402,-10348,290,30.240451632874922
-316,-9842,171,29.34661772507548
-46,-8684,-617,28.13937885250896
-51,-8602,-631,28.066834400593933
-44,-8500,-627,27.99786587545017
-33,-8415,-618,27.916197001509524
-96,-8051,-509,27.358058630069447
-95,-8035,-490,27.29254450363277
-339,-7753,120,26.366964693472365
-346,-7752,144,26.303405090742412
-360,-7747,173,26.237124959211528
-376,-7755,194,26.16968005940676
-552,-8084,607,25.421326641051483
-570,-8151,663,25.35099927133608
-774,-9059,1517,24.059886249435113
-780,-9058,1502,23.975951386634165
-770,-9101,1413,23.82102364619387
-448,-9475,811,22.608760571954942
-434,-9495,785,22.527575832237886
-407,-9528,771,22.367214314782697
-418,-9429,359,21.1630458207587
-423,-9431,330,21.082449504607666
-429,-9421,303,21.00526967587719
-435,-9393,279,20.926170867899337
-401,-9259,221,20.12469014105649
-398,-9242,223,20.048935644562597
-378,-8886,369,19.169664818992135
-379,-8869,373,19.096898857009066
-370,-8709,428,18.226542225729414
-231,-8686,-167,17.087809034691116
-224,-8691,-206,17.014419728000604
-217,-8687,-233,16.943996666791502
-215,-8681,-267,16.87155305276322
-182,-8774,-467,16.122050068927546
-178,-8799,-491,16.05096880091232
-193,-9033,-637,15.173806841150224
-194,-9063,-632,15.100910802829684
-201,-9108,-618,14.950861098178056
-282,-9625,-236,13.787304841397772
-287,-9662,-210,13.705978813900101
-288,-9691,-188,13.624556578133433
-321,-10034,18,12.838442714315848
-318,-10081,40,12.755264122470745
-327,-10159,86,12.58255216176411
-346,-10539,295,11.895254873208057
-363,-10682,377,11.633016184981397
-354,-11232,803,10.488933001693066
1030,-10901,592,10.404219985300545
2917,-10078,93,10.326377087350458
3797,-9174,-154,10.261830070284308
1371,-4337,78,9.913592365871573
1324,-4224,76,9.88208696189849
1327,-4496,502,9.491342728965439
1310,-4580,598,9.457185241645945
1294,-4723,814,9.387057031785034
1004,-4220,1286,8.919544057712965
839,-4113,1256,8.886738234793361
360,-3773,1339,8.854370738114975
-207,334,1399,8.862452748268893
-220,211,1420,8.862380208662215
-244,-87,1490,8.857215035562614
-263,-2740,1406,8.517376257913812
-271,-2885,1385,8.491098354428257
-265,-3097,1303,8.437398761143196
-219,-2813,181,8.095573542789117
-215,-2780,141,8.07297028617949
-214,-2722,62,8.02983463018526
-213,-2859,2,7.7423742134374045
-212,-2886,2,7.720066480688311
-209,-2912,4,7.696994091540409
-221,-3170,-6,7.416684857289983
-232,-3424,-37,6.997406341900259
-231,-3440,-40,6.971395979898682
-229,-3466,-46,6.944442909928604
-220,-3493,-55,6.918132105267429
-206,-3687,-41,6.597381599744513
-217,-3696,-44,6.569866184957563
-214,-3708,20,6.102570381808426
-218,-3714,15,6.071683481793791
-220,-3706,9,6.014698431885637
-219,-3604,19,5.613598531225504
-214,-3590,20,5.587609536666764
-219,-3577,23,5.5359054178496985
-223,-3387,51,5.167708373200482
-215,-3371,53,5.143607996579668
-207,-3364,54,5.12063515443037
-204,-3354,60,5.0967653329147184
-213,-3165,124,4.871549824851849
-217,-3154,124,4.849615438582748
-212,-2982,230,4.514748142436103
-209,-2964,237,4.494244737837541
-202,-2937,243,4.473605590838144
-202,-2922,250,4.454585297521129
-182,-2796,215,4.274672679481286
-179,-2789,203,4.256374103422971
-200,-2980,1,3.9597734012403936
-198,-2991,-2,3.9427802088076973
-201,-3019,-9,3.908644594682826
-196,-3028,-53,3.6619950027351287
-189,-3026,-56,3.6465135300121236
-182,-3019,-61,3.63187104310068
-186,-2890,-56,3.4647017882240565
-206,-2515,-8,3.298182336295291
-215,-2486,-7,3.288748611256026
-228,-2456,-11,3.2791759252100188
-235,-2423,-9,3.270032474773115
-225,-1986,-9,3.1876936044642976
-217,-1949,-10,3.181247855088262
-223,-1529,-44,3.1001243038022603
-220,-1511,-50,3.095430818580768
-224,-1493,-71,3.0870350817931027
-227,-1594,-288,3.029455638707506
-222,-1593,-276,3.02615011044253
-215,-1603,-243,3.0198193246653355
-176,-1759,228,2.974553237138549
-169,-1734,250,2.972260504791521
-166,-1716,264,2.970140565883829
-169,-1691,279,2.967988075104723
-165,-20,228,2.9670997017602216
-164,-47,209,2.967017471905053
-117,24,697,2.968400995188443
-107,17,809,2.968621412931156
-87,18,1008,2.9692424607809467
-31,-5,1604,2.9835310630246723
-22,-18,1627,2.9850553096631525
-9,-35,1748,2.988473543616722
54,-20,2289,3.0383479057638625
62,9,2306,3.0426385428077074
59,13,2302,3.047257665771928
28,37,1972,3.0948016781576944
-7,31,1565,3.1674917534310434
-15,3,1593,3.1723230083097276
-24,-32,1618,3.1769602130203354
-23,-46,1620,3.182481979626341
-91,17,1158,3.2111661659023083
-98,21,1129,3.2146453379893476
-88,27,861,3.26489917685967
-95,51,778,3.267877980713202
-110,67,697,3.2706426820813195
-121,67,644,3.272944776006656
-139,77,379,3.2879928592092926
-146,69,353,3.2893655193167484
-159,56,314,3.3085465690958538
-166,56,296,3.309596568853218
-160,50,267,3.311626193752256
-166,45,228,3.3247143567092046
-174,46,235,3.3255536612213525
-180,47,230,3.326301655912256
-166,49,144,3.333936308356513
-184,52,179,3.3422355041216494
-182,59,187,3.3428682724119487
-172,72,192,3.343635676129759
-168,73,185,3.344381956517827
-184,54,138,3.34982848829609
-179,56,138,3.3503404519057653
-169,74,150,3.3596739083639533
-167,76,156,3.3603532641261333
-170,77,160,3.361056387336027
-169,79,164,3.361784039254671
-168,60,280,3.3735671194778543
-161,55,287,3.3746986462735165
-152,58,307,3.396555961920145
-159,50,300,3.39790502753856
-170,52,281,3.4000914422488218
-197,7,226,3.410254039424378
-196,12,203,3.410863750862894
-215,-1,189,3.411682185253676
-874,-871,263,3.340016650396346
-895,-892,245,3.335107016543441
-907,-906,234,3.3298692828093044
-922,-925,227,3.3247250530898524
-775,-694,77,3.275034543961302
-728,-628,67,3.2709056162687054
-510,-341,15,3.2419340012119093
-510,-339,19,3.239480838596024
-522,-357,27,3.234505324042461
-508,-376,28,3.200092024443717
-499,-365,25,3.1977128408145603
-489,-347,21,3.1953363238430397
-410,-247,19,3.180546498411714
-404,-242,16,3.179049031764903
-400,-228,5,3.1759313644523344
-347,-165,8,3.167064541665307
-334,-133,14,3.164079350535478
-225,32,-7,3.1607873391529666
-213,50,-5,3.160621457081891
-199,64,-4,3.160560376611678
-194,68,-8,3.160520519372245
-132,151,-16,3.1647585656386195
-129,158,-20,3.1651455596105786
-53,258,-24,3.1810730401243696
-42,257,-25,3.182231559488055
-34,266,-21,3.1845289198818056
17,338,-28,3.2070800193576705
13,344,-31,3.2085423530191775
11,361,-35,3.211419117046672
43,386,-41,3.23643889697122
49,393,-39,3.238154765941501
50,392,-36,3.2399819554225178
30,368,-38,3.257565411646623
-41,279,-82,3.2730111916544398
-39,274,-84,3.27395126595263
-30,270,-87,3.2749239890174886
-24,273,-89,3.276100959364688
-33,301,-106,3.2855397672771867
-40,284,-116,3.286394837753421
-200,79,-223,3.2722318998019473
-209,77,-214,3.271249721976019
-226,48,-200,3.2693413903756636
-262,26,-180,3.251514475849666
-278,0,-177,3.250196433533856
-287,-28,-166,3.2475116700471895
-297,-64,-118,3.2316161771130387
-316,-73,-113,3.230254467670046
-325,-74,-109,3.228778593274477
-318,-63,-104,3.2274376207790207
-188,79,-74,3.2248025980469026
-248,3,-24,3.215851433981482
-253,-4,-21,3.215276814917144
-257,-8,-22,3.2146879460057987
-264,-18,-21,3.213969756919483
-299,-86,-20,3.204361554647622
-301,-90,-18,3.203395963749454
-309,-92,-23,3.1862625459123715
-303,-87,-21,3.1852552217427403
-301,-84,-25,3.183333011432061
-397,-231,-7,3.1580628189026556
-390,-222,-9,3.1564431956762387
-385,-204,-10,3.1549240063946904
-256,-12,-23,3.147812449582287
-297,-75,-24,3.133512566711468
-299,-73,-19,3.1326383577997907
-290,-67,-14,3.131815322128396
-286,-63,-11,3.131067083244148
-258,-31,-6,3.1251182764160905
-247,-21,2,3.1247109333414924
-217,35,-25,3.1200614572849554
-218,33,-26,3.1197393360133017
-224,24,-16,3.1191164024832334
-237,16,-28,3.1124538946422686
-235,13,-27,3.1120270561148944
-237,7,-29,3.1111464421893675
-209,49,-31,3.107540083229118
-209,49,-30,3.1073070889306047
-214,49,-34,3.107029775181816
-237,22,-60,3.1012727594013136
-185,85,-84,3.0975479066295604
-187,81,-89,3.0972857652268626
-186,84,-94,3.0970072461635714
-186,83,-101,3.09671212268984
-166,116,-146,3.0938272200034103
-168,126,-152,3.093498775779385
-162,136,-189,3.087651591900582
-161,139,-186,3.087275066276776
-161,139,-186,3.086883204136483
-153,129,-182,3.0865650794107458
-206,76,-197,3.0795835008691252
-208,78,-200,3.078780575020893
-233,45,-227,3.060867681705819
-233,32,-226,3.0597664526661705
-237,22,-224,3.0585768181445157
-242,14,-223,3.057475179029704
-270,-7,-223,3.0463898568921426
-277,-28,-208,3.0450819527737774
-178,94,-47,3.0444083438706877
-171,100,-44,3.0444350690803277
-172,100,-39,3.044500652713696
-211,47,-31,3.0407593449797026
-207,39,-34,3.040535102600624
-198,45,-26,3.0402757895396553
-184,88,-13,3.0405673782364193
-175,80,-16,3.0406478899583638
-171,78,-16,3.0407616816958463
-172,75,-13,3.040874023214484
-181,70,0,3.041935311456904
-277,-66,-1,3.0307992065241427
-274,-59,-4,3.030150852515112
-266,-51,-5,3.02948551292168
-258,-31,-6,3.0289470277916926
-213,54,-1,3.0272973860193155
-214,59,-3,3.027117044663612
-240,-14,0,3.020931071154757
-244,-16,-3,3.0204990850580584
-247,-17,-2,3.0196434086798996
-221,22,4,3.0165063236691334
-225,24,-2,3.016244793551801
-227,19,-9,3.0159565768976275
-234,14,-7,3.011758722084519
-221,37,-10,3.00824133103822
-219,35,-12,3.0080040382580777
-213,35,-11,3.007808027442727
-209,33,-9,3.0076556885293293
-237,7,-1,3.003422592765148
-219,43,-10,2.999461402457213
-215,45,-10,2.9992553431391227
-211,54,-11,2.999054476404403
-206,54,-11,2.9989114475666043
-185,62,3,2.9995833451539973
-185,69,-4,2.999625114730739
-188,82,2,3.000262213217086
-184,80,0,3.0003268608782956
-181,73,-12,3.0004201357412055
-164,89,-8,3.003297769772175
-169,82,-9,3.0034488285265724
-172,79,-11,3.003565020792181
-188,82,-12,3.0034728010836615
-156,90,-12,3.007453164892961
-159,86,-14,3.007666123332963
-165,92,-11,3.0078346520350485
-168,94,-9,3.0079939477043953
-175,72,-12,3.008883177746726
-222,33,-6,3.0047515982969264
-221,30,-3,3.004519930436487
-221,28,0,3.004273661971628
-214,31,4,3.0041118137784446
-205,45,-9,3.003076814882496
-210,41,-6,3.0029261935297837
-227,13,2,2.9986451347179717
-211,13,-1,2.99848690858239
-206,20,-12,2.9981970367940844
-225,18,1,2.9945293710543224
-219,16,1,2.99433380921709
-220,15,0,2.9939208827819774
-234,24,3,2.9893817920115766
-232,32,6,2.9891075861735015
-233,40,2,2.988796464749248
-229,37,-3,2.9885116656334625
-199,36,-3,2.987907661959814
-201,41,1,2.987847080096331
-193,70,-7,2.9873624070689644
-187,68,-13,2.987360112894489
-183,65,-17,2.9873775543396452
-184,68,-16,2.9873889723677136
-207,62,1,2.9862849266592475
-211,59,-3,2.986120879237454
-198,49,0,2.9854354110994463
-199,53,2,2.985391523952473
-199,55,1,2.98529880235866
-184,85,-3,2.986073865234231
-189,83,-3,2.9860866172562295
-189,76,-10,2.986077786276999
-169,103,-8,2.9878851284146486
-165,95,-10,2.990778088353522
-158,93,-12,2.991003044254686
-158,100,-12,2.9912174019275404
-162,107,-12,2.991432108326673
-195,78,-4,2.9910693390268572
-192,78,-5,2.991053927836046
-232,10,-1,2.9860061745742796
-223,5,-1,2.985754070658922
-213,15,-3,2.985437449527045
-244,-7,-3,2.9794474273969676
-243,-3,-5,2.9790484396037415
-245,-4,3,2.978285990182377
-257,-19,3,2.971525384419549
-257,-23,3,2.9710692780894274
-252,-26,8,2.970657170315386
-247,-18,11,2.9703018599988935
-256,-21,6,2.9652857747875703
-257,-24,7,2.9648442817510046
-278,-48,9,2.9548836835977643
-279,-51,13,2.954229462896024
-272,-40,12,2.9531323871712067
-277,-55,-2,2.943845984564453
-277,-56,-2,2.9432277074161166
-278,-53,-2,2.9419882962184896
-284,-43,2,2.932031984136463
-281,-55,3,2.93140423161635
-280,-59,0,2.9307998125774635
-285,-63,-7,2.9301073716866584
-278,-71,11,2.924370621914862
-278,-74,8,2.92381884254753
-297,-84,8,2.9126213868867254
-291,-80,8,2.9119880185608267
-291,-72,7,2.9112903874418574
-287,-65,9,2.9106609421898693
-271,-27,-8,2.904331899685439
-267,-18,-5,2.9037818708707253
-205,58,-4,2.90203074633367
-199,55,-7,2.901961365112707
-191,56,-7,2.901946882645156
-201,54,-3,2.900899853023673
